M,t,c,prime_label,prime_value,trial_id,secret_recoverable,polynomial_recoverable,residual_transition_dim,expected_residual_dim,pass,secret_given
3,1,0,PRIME_TINY,3,M3-t1-c0-PRIME_TINY-r0,0,0,1,1,1,0
3,1,0,PRIME_TINY,3,M3-t1-c0-PRIME_TINY-r1,0,0,1,1,1,0
3,1,0,PRIME_TINY,3,M3-t1-c0-PRIME_TINY-r2,0,0,1,1,1,0
3,1,0,PRIME_TINY,3,M3-t1-c0-PRIME_TINY-r3,0,0,1,1,1,0
3,1,0,PRIME_TINY,3,M3-t1-c0-PRIME_TINY-r4,0,0,1,1,1,0
3,1,0,PRIME_TINY,3,M3-t1-c0-PRIME_TINY-r5,0,0,1,1,1,0
3,1,0,PRIME_TINY,3,M3-t1-c0-PRIME_TINY-r6,0,0,1,1,1,0
3,1,0,PRIME_TINY,3,M3-t1-c0-PRIME_TINY-r7,0,0,1,1,1,0
3,1,0,PRIME_TINY,3,M3-t1-c0-PRIME_TINY-r8,0,0,1,1,1,0
3,1,0,PRIME_TINY,3,M3-t1-c0-PRIME_TINY-r9,0,0,1,1,1,0
3,1,0,PRIME_MERSENNE_61,2305843009213693951,M3-t1-c0-PRIME_MERSENNE_61-r0,0,0,1,1,1,0
3,1,0,PRIME_MERSENNE_61,2305843009213693951,M3-t1-c0-PRIME_MERSENNE_61-r1,0,0,1,1,1,0
3,1,0,PRIME_MERSENNE_61,2305843009213693951,M3-t1-c0-PRIME_MERSENNE_61-r2,0,0,1,1,1,0
3,1,0,PRIME_MERSENNE_61,2305843009213693951,M3-t1-c0-PRIME_MERSENNE_61-r3,0,0,1,1,1,0
3,1,0,PRIME_MERSENNE_61,2305843009213693951,M3-t1-c0-PRIME_MERSENNE_61-r4,0,0,1,1,1,0
3,1,0,PRIME_MERSENNE_61,2305843009213693951,M3-t1-c0-PRIME_MERSENNE_61-r5,0,0,1,1,1,0
3,1,0,PRIME_MERSENNE_61,2305843009213693951,M3-t1-c0-PRIME_MERSENNE_61-r6,0,0,1,1,1,0
3,1,0,PRIME_MERSENNE_61,2305843009213693951,M3-t1-c0-PRIME_MERSENNE_61-r7,0,0,1,1,1,0
3,1,0,PRIME_MERSENNE_61,2305843009213693951,M3-t1-c0-PRIME_MERSENNE_61-r8,0,0,1,1,1,0
3,1,0,PRIME_MERSENNE_61,2305843009213693951,M3-t1-c0-PRIME_MERSENNE_61-r9,0,0,1,1,1,0
3,1,0,PRIME_RANDOM_61,2305843009213693967,M3-t1-c0-PRIME_RANDOM_61-r0,0,0,1,1,1,0
3,1,0,PRIME_RANDOM_61,2305843009213693967,M3-t1-c0-PRIME_RANDOM_61-r1,0,0,1,1,1,0
3,1,0,PRIME_RANDOM_61,2305843009213693967,M3-t1-c0-PRIME_RANDOM_61-r2,0,0,1,1,1,0
3,1,0,PRIME_RANDOM_61,2305843009213693967,M3-t1-c0-PRIME_RANDOM_61-r3,0,0,1,1,1,0
3,1,0,PRIME_RANDOM_61,2305843009213693967,M3-t1-c0-PRIME_RANDOM_61-r4,0,0,1,1,1,0
3,1,0,PRIME_RANDOM_61,2305843009213693967,M3-t1-c0-PRIME_RANDOM_61-r5,0,0,1,1,1,0
3,1,0,PRIME_RANDOM_61,2305843009213693967,M3-t1-c0-PRIME_RANDOM_61-r6,0,0,1,1,1,0
3,1,0,PRIME_RANDOM_61,2305843009213693967,M3-t1-c0-PRIME_RANDOM_61-r7,0,0,1,1,1,0
3,1,0,PRIME_RANDOM_61,2305843009213693967,M3-t1-c0-PRIME_RANDOM_61-r8,0,0,1,1,1,0
3,1,0,PRIME_RANDOM_61,2305843009213693967,M3-t1-c0-PRIME_RANDOM_61-r9,0,0,1,1,1,0
3,1,1,PRIME_TINY,3,M3-t1-c1-PRIME_TINY-r0,1,1,0,0,1,1
3,1,1,PRIME_TINY,3,M3-t1-c1-PRIME_TINY-r1,1,1,0,0,1,1
3,1,1,PRIME_TINY,3,M3-t1-c1-PRIME_TINY-r2,1,1,0,0,1,1
3,1,1,PRIME_TINY,3,M3-t1-c1-PRIME_TINY-r3,1,1,0,0,1,1
3,1,1,PRIME_TINY,3,M3-t1-c1-PRIME_TINY-r4,1,1,0,0,1,1
3,1,1,PRIME_TINY,3,M3-t1-c1-PRIME_TINY-r5,1,1,0,0,1,1
3,1,1,PRIME_TINY,3,M3-t1-c1-PRIME_TINY-r6,1,1,0,0,1,1
3,1,1,PRIME_TINY,3,M3-t1-c1-PRIME_TINY-r7,1,1,0,0,1,1
3,1,1,PRIME_TINY,3,M3-t1-c1-PRIME_TINY-r8,1,1,0,0,1,1
3,1,1,PRIME_TINY,3,M3-t1-c1-PRIME_TINY-r9,1,1,0,0,1,1
3,1,1,PRIME_MERSENNE_61,2305843009213693951,M3-t1-c1-PRIME_MERSENNE_61-r0,1,1,0,0,1,1
3,1,1,PRIME_MERSENNE_61,2305843009213693951,M3-t1-c1-PRIME_MERSENNE_61-r1,1,1,0,0,1,1
3,1,1,PRIME_MERSENNE_61,2305843009213693951,M3-t1-c1-PRIME_MERSENNE_61-r2,1,1,0,0,1,1
3,1,1,PRIME_MERSENNE_61,2305843009213693951,M3-t1-c1-PRIME_MERSENNE_61-r3,1,1,0,0,1,1
3,1,1,PRIME_MERSENNE_61,2305843009213693951,M3-t1-c1-PRIME_MERSENNE_61-r4,1,1,0,0,1,1
3,1,1,PRIME_MERSENNE_61,2305843009213693951,M3-t1-c1-PRIME_MERSENNE_61-r5,1,1,0,0,1,1
3,1,1,PRIME_MERSENNE_61,2305843009213693951,M3-t1-c1-PRIME_MERSENNE_61-r6,1,1,0,0,1,1
3,1,1,PRIME_MERSENNE_61,2305843009213693951,M3-t1-c1-PRIME_MERSENNE_61-r7,1,1,0,0,1,1
3,1,1,PRIME_MERSENNE_61,2305843009213693951,M3-t1-c1-PRIME_MERSENNE_61-r8,1,1,0,0,1,1
3,1,1,PRIME_MERSENNE_61,2305843009213693951,M3-t1-c1-PRIME_MERSENNE_61-r9,1,1,0,0,1,1
3,1,1,PRIME_RANDOM_61,2305843009213693967,M3-t1-c1-PRIME_RANDOM_61-r0,1,1,0,0,1,1
3,1,1,PRIME_RANDOM_61,2305843009213693967,M3-t1-c1-PRIME_RANDOM_61-r1,1,1,0,0,1,1
3,1,1,PRIME_RANDOM_61,2305843009213693967,M3-t1-c1-PRIME_RANDOM_61-r2,1,1,0,0,1,1
3,1,1,PRIME_RANDOM_61,2305843009213693967,M3-t1-c1-PRIME_RANDOM_61-r3,1,1,0,0,1,1
3,1,1,PRIME_RANDOM_61,2305843009213693967,M3-t1-c1-PRIME_RANDOM_61-r4,1,1,0,0,1,1
3,1,1,PRIME_RANDOM_61,2305843009213693967,M3-t1-c1-PRIME_RANDOM_61-r5,1,1,0,0,1,1
3,1,1,PRIME_RANDOM_61,2305843009213693967,M3-t1-c1-PRIME_RANDOM_61-r6,1,1,0,0,1,1
3,1,1,PRIME_RANDOM_61,2305843009213693967,M3-t1-c1-PRIME_RANDOM_61-r7,1,1,0,0,1,1
3,1,1,PRIME_RANDOM_61,2305843009213693967,M3-t1-c1-PRIME_RANDOM_61-r8,1,1,0,0,1,1
3,1,1,PRIME_RANDOM_61,2305843009213693967,M3-t1-c1-PRIME_RANDOM_61-r9,1,1,0,0,1,1
5,2,0,PRIME_MERSENNE_61,2305843009213693951,M5-t2-c0-PRIME_MERSENNE_61-r0,0,0,2,2,1,0
5,2,0,PRIME_MERSENNE_61,2305843009213693951,M5-t2-c0-PRIME_MERSENNE_61-r1,0,0,2,2,1,0
5,2,0,PRIME_MERSENNE_61,2305843009213693951,M5-t2-c0-PRIME_MERSENNE_61-r2,0,0,2,2,1,0
5,2,0,PRIME_MERSENNE_61,2305843009213693951,M5-t2-c0-PRIME_MERSENNE_61-r3,0,0,2,2,1,0
5,2,0,PRIME_MERSENNE_61,2305843009213693951,M5-t2-c0-PRIME_MERSENNE_61-r4,0,0,2,2,1,0
5,2,0,PRIME_MERSENNE_61,2305843009213693951,M5-t2-c0-PRIME_MERSENNE_61-r5,0,0,2,2,1,0
5,2,0,PRIME_MERSENNE_61,2305843009213693951,M5-t2-c0-PRIME_MERSENNE_61-r6,0,0,2,2,1,0
5,2,0,PRIME_MERSENNE_61,2305843009213693951,M5-t2-c0-PRIME_MERSENNE_61-r7,0,0,2,2,1,0
5,2,0,PRIME_MERSENNE_61,2305843009213693951,M5-t2-c0-PRIME_MERSENNE_61-r8,0,0,2,2,1,0
5,2,0,PRIME_MERSENNE_61,2305843009213693951,M5-t2-c0-PRIME_MERSENNE_61-r9,0,0,2,2,1,0
5,2,0,PRIME_RANDOM_61,2305843009213693967,M5-t2-c0-PRIME_RANDOM_61-r0,0,0,2,2,1,0
5,2,0,PRIME_RANDOM_61,2305843009213693967,M5-t2-c0-PRIME_RANDOM_61-r1,0,0,2,2,1,0
5,2,0,PRIME_RANDOM_61,2305843009213693967,M5-t2-c0-PRIME_RANDOM_61-r2,0,0,2,2,1,0
5,2,0,PRIME_RANDOM_61,2305843009213693967,M5-t2-c0-PRIME_RANDOM_61-r3,0,0,2,2,1,0
5,2,0,PRIME_RANDOM_61,2305843009213693967,M5-t2-c0-PRIME_RANDOM_61-r4,0,0,2,2,1,0
5,2,0,PRIME_RANDOM_61,2305843009213693967,M5-t2-c0-PRIME_RANDOM_61-r5,0,0,2,2,1,0
5,2,0,PRIME_RANDOM_61,2305843009213693967,M5-t2-c0-PRIME_RANDOM_61-r6,0,0,2,2,1,0
5,2,0,PRIME_RANDOM_61,2305843009213693967,M5-t2-c0-PRIME_RANDOM_61-r7,0,0,2,2,1,0
5,2,0,PRIME_RANDOM_61,2305843009213693967,M5-t2-c0-PRIME_RANDOM_61-r8,0,0,2,2,1,0
5,2,0,PRIME_RANDOM_61,2305843009213693967,M5-t2-c0-PRIME_RANDOM_61-r9,0,0,2,2,1,0
5,2,1,PRIME_MERSENNE_61,2305843009213693951,M5-t2-c1-PRIME_MERSENNE_61-r0,0,0,1,1,1,0
5,2,1,PRIME_MERSENNE_61,2305843009213693951,M5-t2-c1-PRIME_MERSENNE_61-r1,0,0,1,1,1,0
5,2,1,PRIME_MERSENNE_61,2305843009213693951,M5-t2-c1-PRIME_MERSENNE_61-r2,0,0,1,1,1,0
5,2,1,PRIME_MERSENNE_61,2305843009213693951,M5-t2-c1-PRIME_MERSENNE_61-r3,0,0,1,1,1,0
5,2,1,PRIME_MERSENNE_61,2305843009213693951,M5-t2-c1-PRIME_MERSENNE_61-r4,0,0,1,1,1,0
5,2,1,PRIME_MERSENNE_61,2305843009213693951,M5-t2-c1-PRIME_MERSENNE_61-r5,0,0,1,1,1,0
5,2,1,PRIME_MERSENNE_61,2305843009213693951,M5-t2-c1-PRIME_MERSENNE_61-r6,0,0,1,1,1,0
5,2,1,PRIME_MERSENNE_61,2305843009213693951,M5-t2-c1-PRIME_MERSENNE_61-r7,0,0,1,1,1,0
5,2,1,PRIME_MERSENNE_61,2305843009213693951,M5-t2-c1-PRIME_MERSENNE_61-r8,0,0,1,1,1,0
5,2,1,PRIME_MERSENNE_61,2305843009213693951,M5-t2-c1-PRIME_MERSENNE_61-r9,0,0,1,1,1,0
5,2,1,PRIME_RANDOM_61,2305843009213693967,M5-t2-c1-PRIME_RANDOM_61-r0,0,0,1,1,1,0
5,2,1,PRIME_RANDOM_61,2305843009213693967,M5-t2-c1-PRIME_RANDOM_61-r1,0,0,1,1,1,0
5,2,1,PRIME_RANDOM_61,2305843009213693967,M5-t2-c1-PRIME_RANDOM_61-r2,0,0,1,1,1,0
5,2,1,PRIME_RANDOM_61,2305843009213693967,M5-t2-c1-PRIME_RANDOM_61-r3,0,0,1,1,1,0
5,2,1,PRIME_RANDOM_61,2305843009213693967,M5-t2-c1-PRIME_RANDOM_61-r4,0,0,1,1,1,0
5,2,1,PRIME_RANDOM_61,2305843009213693967,M5-t2-c1-PRIME_RANDOM_61-r5,0,0,1,1,1,0
5,2,1,PRIME_RANDOM_61,2305843009213693967,M5-t2-c1-PRIME_RANDOM_61-r6,0,0,1,1,1,0
5,2,1,PRIME_RANDOM_61,2305843009213693967,M5-t2-c1-PRIME_RANDOM_61-r7,0,0,1,1,1,0
5,2,1,PRIME_RANDOM_61,2305843009213693967,M5-t2-c1-PRIME_RANDOM_61-r8,0,0,1,1,1,0
5,2,1,PRIME_RANDOM_61,2305843009213693967,M5-t2-c1-PRIME_RANDOM_61-r9,0,0,1,1,1,0
5,2,2,PRIME_MERSENNE_61,2305843009213693951,M5-t2-c2-PRIME_MERSENNE_61-r0,1,1,0,0,1,1
5,2,2,PRIME_MERSENNE_61,2305843009213693951,M5-t2-c2-PRIME_MERSENNE_61-r1,1,1,0,0,1,1
5,2,2,PRIME_MERSENNE_61,2305843009213693951,M5-t2-c2-PRIME_MERSENNE_61-r2,1,1,0,0,1,1
5,2,2,PRIME_MERSENNE_61,2305843009213693951,M5-t2-c2-PRIME_MERSENNE_61-r3,1,1,0,0,1,1
5,2,2,PRIME_MERSENNE_61,2305843009213693951,M5-t2-c2-PRIME_MERSENNE_61-r4,1,1,0,0,1,1
5,2,2,PRIME_MERSENNE_61,2305843009213693951,M5-t2-c2-PRIME_MERSENNE_61-r5,1,1,0,0,1,1
5,2,2,PRIME_MERSENNE_61,2305843009213693951,M5-t2-c2-PRIME_MERSENNE_61-r6,1,1,0,0,1,1
5,2,2,PRIME_MERSENNE_61,2305843009213693951,M5-t2-c2-PRIME_MERSENNE_61-r7,1,1,0,0,1,1
5,2,2,PRIME_MERSENNE_61,2305843009213693951,M5-t2-c2-PRIME_MERSENNE_61-r8,1,1,0,0,1,1
5,2,2,PRIME_MERSENNE_61,2305843009213693951,M5-t2-c2-PRIME_MERSENNE_61-r9,1,1,0,0,1,1
5,2,2,PRIME_RANDOM_61,2305843009213693967,M5-t2-c2-PRIME_RANDOM_61-r0,1,1,0,0,1,1
5,2,2,PRIME_RANDOM_61,2305843009213693967,M5-t2-c2-PRIME_RANDOM_61-r1,1,1,0,0,1,1
5,2,2,PRIME_RANDOM_61,2305843009213693967,M5-t2-c2-PRIME_RANDOM_61-r2,1,1,0,0,1,1
5,2,2,PRIME_RANDOM_61,2305843009213693967,M5-t2-c2-PRIME_RANDOM_61-r3,1,1,0,0,1,1
5,2,2,PRIME_RANDOM_61,2305843009213693967,M5-t2-c2-PRIME_RANDOM_61-r4,1,1,0,0,1,1
5,2,2,PRIME_RANDOM_61,2305843009213693967,M5-t2-c2-PRIME_RANDOM_61-r5,1,1,0,0,1,1
5,2,2,PRIME_RANDOM_61,2305843009213693967,M5-t2-c2-PRIME_RANDOM_61-r6,1,1,0,0,1,1
5,2,2,PRIME_RANDOM_61,2305843009213693967,M5-t2-c2-PRIME_RANDOM_61-r7,1,1,0,0,1,1
5,2,2,PRIME_RANDOM_61,2305843009213693967,M5-t2-c2-PRIME_RANDOM_61-r8,1,1,0,0,1,1
5,2,2,PRIME_RANDOM_61,2305843009213693967,M5-t2-c2-PRIME_RANDOM_61-r9,1,1,0,0,1,1
7,3,0,PRIME_MERSENNE_61,2305843009213693951,M7-t3-c0-PRIME_MERSENNE_61-r0,0,0,3,3,1,0
7,3,0,PRIME_MERSENNE_61,2305843009213693951,M7-t3-c0-PRIME_MERSENNE_61-r1,0,0,3,3,1,0
7,3,0,PRIME_MERSENNE_61,2305843009213693951,M7-t3-c0-PRIME_MERSENNE_61-r2,0,0,3,3,1,0
7,3,0,PRIME_MERSENNE_61,2305843009213693951,M7-t3-c0-PRIME_MERSENNE_61-r3,0,0,3,3,1,0
7,3,0,PRIME_MERSENNE_61,2305843009213693951,M7-t3-c0-PRIME_MERSENNE_61-r4,0,0,3,3,1,0
7,3,0,PRIME_MERSENNE_61,2305843009213693951,M7-t3-c0-PRIME_MERSENNE_61-r5,0,0,3,3,1,0
7,3,0,PRIME_MERSENNE_61,2305843009213693951,M7-t3-c0-PRIME_MERSENNE_61-r6,0,0,3,3,1,0
7,3,0,PRIME_MERSENNE_61,2305843009213693951,M7-t3-c0-PRIME_MERSENNE_61-r7,0,0,3,3,1,0
7,3,0,PRIME_MERSENNE_61,2305843009213693951,M7-t3-c0-PRIME_MERSENNE_61-r8,0,0,3,3,1,0
7,3,0,PRIME_MERSENNE_61,2305843009213693951,M7-t3-c0-PRIME_MERSENNE_61-r9,0,0,3,3,1,0
7,3,0,PRIME_RANDOM_61,2305843009213693967,M7-t3-c0-PRIME_RANDOM_61-r0,0,0,3,3,1,0
7,3,0,PRIME_RANDOM_61,2305843009213693967,M7-t3-c0-PRIME_RANDOM_61-r1,0,0,3,3,1,0
7,3,0,PRIME_RANDOM_61,2305843009213693967,M7-t3-c0-PRIME_RANDOM_61-r2,0,0,3,3,1,0
7,3,0,PRIME_RANDOM_61,2305843009213693967,M7-t3-c0-PRIME_RANDOM_61-r3,0,0,3,3,1,0
7,3,0,PRIME_RANDOM_61,2305843009213693967,M7-t3-c0-PRIME_RANDOM_61-r4,0,0,3,3,1,0
7,3,0,PRIME_RANDOM_61,2305843009213693967,M7-t3-c0-PRIME_RANDOM_61-r5,0,0,3,3,1,0
7,3,0,PRIME_RANDOM_61,2305843009213693967,M7-t3-c0-PRIME_RANDOM_61-r6,0,0,3,3,1,0
7,3,0,PRIME_RANDOM_61,2305843009213693967,M7-t3-c0-PRIME_RANDOM_61-r7,0,0,3,3,1,0
7,3,0,PRIME_RANDOM_61,2305843009213693967,M7-t3-c0-PRIME_RANDOM_61-r8,0,0,3,3,1,0
7,3,0,PRIME_RANDOM_61,2305843009213693967,M7-t3-c0-PRIME_RANDOM_61-r9,0,0,3,3,1,0
7,3,1,PRIME_MERSENNE_61,2305843009213693951,M7-t3-c1-PRIME_MERSENNE_61-r0,0,0,2,2,1,0
7,3,1,PRIME_MERSENNE_61,2305843009213693951,M7-t3-c1-PRIME_MERSENNE_61-r1,0,0,2,2,1,0
7,3,1,PRIME_MERSENNE_61,2305843009213693951,M7-t3-c1-PRIME_MERSENNE_61-r2,0,0,2,2,1,0
7,3,1,PRIME_MERSENNE_61,2305843009213693951,M7-t3-c1-PRIME_MERSENNE_61-r3,0,0,2,2,1,0
7,3,1,PRIME_MERSENNE_61,2305843009213693951,M7-t3-c1-PRIME_MERSENNE_61-r4,0,0,2,2,1,0
7,3,1,PRIME_MERSENNE_61,2305843009213693951,M7-t3-c1-PRIME_MERSENNE_61-r5,0,0,2,2,1,0
7,3,1,PRIME_MERSENNE_61,2305843009213693951,M7-t3-c1-PRIME_MERSENNE_61-r6,0,0,2,2,1,0
7,3,1,PRIME_MERSENNE_61,2305843009213693951,M7-t3-c1-PRIME_MERSENNE_61-r7,0,0,2,2,1,0
7,3,1,PRIME_MERSENNE_61,2305843009213693951,M7-t3-c1-PRIME_MERSENNE_61-r8,0,0,2,2,1,0
7,3,1,PRIME_MERSENNE_61,2305843009213693951,M7-t3-c1-PRIME_MERSENNE_61-r9,0,0,2,2,1,0
7,3,1,PRIME_RANDOM_61,2305843009213693967,M7-t3-c1-PRIME_RANDOM_61-r0,0,0,2,2,1,0
7,3,1,PRIME_RANDOM_61,2305843009213693967,M7-t3-c1-PRIME_RANDOM_61-r1,0,0,2,2,1,0
7,3,1,PRIME_RANDOM_61,2305843009213693967,M7-t3-c1-PRIME_RANDOM_61-r2,0,0,2,2,1,0
7,3,1,PRIME_RANDOM_61,2305843009213693967,M7-t3-c1-PRIME_RANDOM_61-r3,0,0,2,2,1,0
7,3,1,PRIME_RANDOM_61,2305843009213693967,M7-t3-c1-PRIME_RANDOM_61-r4,0,0,2,2,1,0
7,3,1,PRIME_RANDOM_61,2305843009213693967,M7-t3-c1-PRIME_RANDOM_61-r5,0,0,2,2,1,0
7,3,1,PRIME_RANDOM_61,2305843009213693967,M7-t3-c1-PRIME_RANDOM_61-r6,0,0,2,2,1,0
7,3,1,PRIME_RANDOM_61,2305843009213693967,M7-t3-c1-PRIME_RANDOM_61-r7,0,0,2,2,1,0
7,3,1,PRIME_RANDOM_61,2305843009213693967,M7-t3-c1-PRIME_RANDOM_61-r8,0,0,2,2,1,0
7,3,1,PRIME_RANDOM_61,2305843009213693967,M7-t3-c1-PRIME_RANDOM_61-r9,0,0,2,2,1,0
7,3,2,PRIME_MERSENNE_61,2305843009213693951,M7-t3-c2-PRIME_MERSENNE_61-r0,0,0,1,1,1,0
7,3,2,PRIME_MERSENNE_61,2305843009213693951,M7-t3-c2-PRIME_MERSENNE_61-r1,0,0,1,1,1,0
7,3,2,PRIME_MERSENNE_61,2305843009213693951,M7-t3-c2-PRIME_MERSENNE_61-r2,0,0,1,1,1,0
7,3,2,PRIME_MERSENNE_61,2305843009213693951,M7-t3-c2-PRIME_MERSENNE_61-r3,0,0,1,1,1,0
7,3,2,PRIME_MERSENNE_61,2305843009213693951,M7-t3-c2-PRIME_MERSENNE_61-r4,0,0,1,1,1,0
7,3,2,PRIME_MERSENNE_61,2305843009213693951,M7-t3-c2-PRIME_MERSENNE_61-r5,0,0,1,1,1,0
7,3,2,PRIME_MERSENNE_61,2305843009213693951,M7-t3-c2-PRIME_MERSENNE_61-r6,0,0,1,1,1,0
7,3,2,PRIME_MERSENNE_61,2305843009213693951,M7-t3-c2-PRIME_MERSENNE_61-r7,0,0,1,1,1,0
7,3,2,PRIME_MERSENNE_61,2305843009213693951,M7-t3-c2-PRIME_MERSENNE_61-r8,0,0,1,1,1,0
7,3,2,PRIME_MERSENNE_61,2305843009213693951,M7-t3-c2-PRIME_MERSENNE_61-r9,0,0,1,1,1,0
7,3,2,PRIME_RANDOM_61,2305843009213693967,M7-t3-c2-PRIME_RANDOM_61-r0,0,0,1,1,1,0
7,3,2,PRIME_RANDOM_61,2305843009213693967,M7-t3-c2-PRIME_RANDOM_61-r1,0,0,1,1,1,0
7,3,2,PRIME_RANDOM_61,2305843009213693967,M7-t3-c2-PRIME_RANDOM_61-r2,0,0,1,1,1,0
7,3,2,PRIME_RANDOM_61,2305843009213693967,M7-t3-c2-PRIME_RANDOM_61-r3,0,0,1,1,1,0
7,3,2,PRIME_RANDOM_61,2305843009213693967,M7-t3-c2-PRIME_RANDOM_61-r4,0,0,1,1,1,0
7,3,2,PRIME_RANDOM_61,2305843009213693967,M7-t3-c2-PRIME_RANDOM_61-r5,0,0,1,1,1,0
7,3,2,PRIME_RANDOM_61,2305843009213693967,M7-t3-c2-PRIME_RANDOM_61-r6,0,0,1,1,1,0
7,3,2,PRIME_RANDOM_61,2305843009213693967,M7-t3-c2-PRIME_RANDOM_61-r7,0,0,1,1,1,0
7,3,2,PRIME_RANDOM_61,2305843009213693967,M7-t3-c2-PRIME_RANDOM_61-r8,0,0,1,1,1,0
7,3,2,PRIME_RANDOM_61,2305843009213693967,M7-t3-c2-PRIME_RANDOM_61-r9,0,0,1,1,1,0
7,3,3,PRIME_MERSENNE_61,2305843009213693951,M7-t3-c3-PRIME_MERSENNE_61-r0,1,1,0,0,1,1
7,3,3,PRIME_MERSENNE_61,2305843009213693951,M7-t3-c3-PRIME_MERSENNE_61-r1,1,1,0,0,1,1
7,3,3,PRIME_MERSENNE_61,2305843009213693951,M7-t3-c3-PRIME_MERSENNE_61-r2,1,1,0,0,1,1
7,3,3,PRIME_MERSENNE_61,2305843009213693951,M7-t3-c3-PRIME_MERSENNE_61-r3,1,1,0,0,1,1
7,3,3,PRIME_MERSENNE_61,2305843009213693951,M7-t3-c3-PRIME_MERSENNE_61-r4,1,1,0,0,1,1
7,3,3,PRIME_MERSENNE_61,2305843009213693951,M7-t3-c3-PRIME_MERSENNE_61-r5,1,1,0,0,1,1
7,3,3,PRIME_MERSENNE_61,2305843009213693951,M7-t3-c3-PRIME_MERSENNE_61-r6,1,1,0,0,1,1
7,3,3,PRIME_MERSENNE_61,2305843009213693951,M7-t3-c3-PRIME_MERSENNE_61-r7,1,1,0,0,1,1
7,3,3,PRIME_MERSENNE_61,2305843009213693951,M7-t3-c3-PRIME_MERSENNE_61-r8,1,1,0,0,1,1
7,3,3,PRIME_MERSENNE_61,2305843009213693951,M7-t3-c3-PRIME_MERSENNE_61-r9,1,1,0,0,1,1
7,3,3,PRIME_RANDOM_61,2305843009213693967,M7-t3-c3-PRIME_RANDOM_61-r0,1,1,0,0,1,1
7,3,3,PRIME_RANDOM_61,2305843009213693967,M7-t3-c3-PRIME_RANDOM_61-r1,1,1,0,0,1,1
7,3,3,PRIME_RANDOM_61,2305843009213693967,M7-t3-c3-PRIME_RANDOM_61-r2,1,1,0,0,1,1
7,3,3,PRIME_RANDOM_61,2305843009213693967,M7-t3-c3-PRIME_RANDOM_61-r3,1,1,0,0,1,1
7,3,3,PRIME_RANDOM_61,2305843009213693967,M7-t3-c3-PRIME_RANDOM_61-r4,1,1,0,0,1,1
7,3,3,PRIME_RANDOM_61,2305843009213693967,M7-t3-c3-PRIME_RANDOM_61-r5,1,1,0,0,1,1
7,3,3,PRIME_RANDOM_61,2305843009213693967,M7-t3-c3-PRIME_RANDOM_61-r6,1,1,0,0,1,1
7,3,3,PRIME_RANDOM_61,2305843009213693967,M7-t3-c3-PRIME_RANDOM_61-r7,1,1,0,0,1,1
7,3,3,PRIME_RANDOM_61,2305843009213693967,M7-t3-c3-PRIME_RANDOM_61-r8,1,1,0,0,1,1
7,3,3,PRIME_RANDOM_61,2305843009213693967,M7-t3-c3-PRIME_RANDOM_61-r9,1,1,0,0,1,1
9,4,0,PRIME_MERSENNE_61,2305843009213693951,M9-t4-c0-PRIME_MERSENNE_61-r0,0,0,4,4,1,0
9,4,0,PRIME_MERSENNE_61,2305843009213693951,M9-t4-c0-PRIME_MERSENNE_61-r1,0,0,4,4,1,0
9,4,0,PRIME_MERSENNE_61,2305843009213693951,M9-t4-c0-PRIME_MERSENNE_61-r2,0,0,4,4,1,0
9,4,0,PRIME_MERSENNE_61,2305843009213693951,M9-t4-c0-PRIME_MERSENNE_61-r3,0,0,4,4,1,0
9,4,0,PRIME_MERSENNE_61,2305843009213693951,M9-t4-c0-PRIME_MERSENNE_61-r4,0,0,4,4,1,0
9,4,0,PRIME_MERSENNE_61,2305843009213693951,M9-t4-c0-PRIME_MERSENNE_61-r5,0,0,4,4,1,0
9,4,0,PRIME_MERSENNE_61,2305843009213693951,M9-t4-c0-PRIME_MERSENNE_61-r6,0,0,4,4,1,0
9,4,0,PRIME_MERSENNE_61,2305843009213693951,M9-t4-c0-PRIME_MERSENNE_61-r7,0,0,4,4,1,0
9,4,0,PRIME_MERSENNE_61,2305843009213693951,M9-t4-c0-PRIME_MERSENNE_61-r8,0,0,4,4,1,0
9,4,0,PRIME_MERSENNE_61,2305843009213693951,M9-t4-c0-PRIME_MERSENNE_61-r9,0,0,4,4,1,0
9,4,0,PRIME_RANDOM_61,2305843009213693967,M9-t4-c0-PRIME_RANDOM_61-r0,0,0,4,4,1,0
9,4,0,PRIME_RANDOM_61,2305843009213693967,M9-t4-c0-PRIME_RANDOM_61-r1,0,0,4,4,1,0
9,4,0,PRIME_RANDOM_61,2305843009213693967,M9-t4-c0-PRIME_RANDOM_61-r2,0,0,4,4,1,0
9,4,0,PRIME_RANDOM_61,2305843009213693967,M9-t4-c0-PRIME_RANDOM_61-r3,0,0,4,4,1,0
9,4,0,PRIME_RANDOM_61,2305843009213693967,M9-t4-c0-PRIME_RANDOM_61-r4,0,0,4,4,1,0
9,4,0,PRIME_RANDOM_61,2305843009213693967,M9-t4-c0-PRIME_RANDOM_61-r5,0,0,4,4,1,0
9,4,0,PRIME_RANDOM_61,2305843009213693967,M9-t4-c0-PRIME_RANDOM_61-r6,0,0,4,4,1,0
9,4,0,PRIME_RANDOM_61,2305843009213693967,M9-t4-c0-PRIME_RANDOM_61-r7,0,0,4,4,1,0
9,4,0,PRIME_RANDOM_61,2305843009213693967,M9-t4-c0-PRIME_RANDOM_61-r8,0,0,4,4,1,0
9,4,0,PRIME_RANDOM_61,2305843009213693967,M9-t4-c0-PRIME_RANDOM_61-r9,0,0,4,4,1,0
9,4,1,PRIME_MERSENNE_61,2305843009213693951,M9-t4-c1-PRIME_MERSENNE_61-r0,0,0,3,3,1,0
9,4,1,PRIME_MERSENNE_61,2305843009213693951,M9-t4-c1-PRIME_MERSENNE_61-r1,0,0,3,3,1,0
9,4,1,PRIME_MERSENNE_61,2305843009213693951,M9-t4-c1-PRIME_MERSENNE_61-r2,0,0,3,3,1,0
9,4,1,PRIME_MERSENNE_61,2305843009213693951,M9-t4-c1-PRIME_MERSENNE_61-r3,0,0,3,3,1,0
9,4,1,PRIME_MERSENNE_61,2305843009213693951,M9-t4-c1-PRIME_MERSENNE_61-r4,0,0,3,3,1,0
9,4,1,PRIME_MERSENNE_61,2305843009213693951,M9-t4-c1-PRIME_MERSENNE_61-r5,0,0,3,3,1,0
9,4,1,PRIME_MERSENNE_61,2305843009213693951,M9-t4-c1-PRIME_MERSENNE_61-r6,0,0,3,3,1,0
9,4,1,PRIME_MERSENNE_61,2305843009213693951,M9-t4-c1-PRIME_MERSENNE_61-r7,0,0,3,3,1,0
9,4,1,PRIME_MERSENNE_61,2305843009213693951,M9-t4-c1-PRIME_MERSENNE_61-r8,0,0,3,3,1,0
9,4,1,PRIME_MERSENNE_61,2305843009213693951,M9-t4-c1-PRIME_MERSENNE_61-r9,0,0,3,3,1,0
9,4,1,PRIME_RANDOM_61,2305843009213693967,M9-t4-c1-PRIME_RANDOM_61-r0,0,0,3,3,1,0
9,4,1,PRIME_RANDOM_61,2305843009213693967,M9-t4-c1-PRIME_RANDOM_61-r1,0,0,3,3,1,0
9,4,1,PRIME_RANDOM_61,2305843009213693967,M9-t4-c1-PRIME_RANDOM_61-r2,0,0,3,3,1,0
9,4,1,PRIME_RANDOM_61,2305843009213693967,M9-t4-c1-PRIME_RANDOM_61-r3,0,0,3,3,1,0
9,4,1,PRIME_RANDOM_61,2305843009213693967,M9-t4-c1-PRIME_RANDOM_61-r4,0,0,3,3,1,0
9,4,1,PRIME_RANDOM_61,2305843009213693967,M9-t4-c1-PRIME_RANDOM_61-r5,0,0,3,3,1,0
9,4,1,PRIME_RANDOM_61,2305843009213693967,M9-t4-c1-PRIME_RANDOM_61-r6,0,0,3,3,1,0
9,4,1,PRIME_RANDOM_61,2305843009213693967,M9-t4-c1-PRIME_RANDOM_61-r7,0,0,3,3,1,0
9,4,1,PRIME_RANDOM_61,2305843009213693967,M9-t4-c1-PRIME_RANDOM_61-r8,0,0,3,3,1,0
9,4,1,PRIME_RANDOM_61,2305843009213693967,M9-t4-c1-PRIME_RANDOM_61-r9,0,0,3,3,1,0
9,4,2,PRIME_MERSENNE_61,2305843009213693951,M9-t4-c2-PRIME_MERSENNE_61-r0,0,0,2,2,1,0
9,4,2,PRIME_MERSENNE_61,2305843009213693951,M9-t4-c2-PRIME_MERSENNE_61-r1,0,0,2,2,1,0
9,4,2,PRIME_MERSENNE_61,2305843009213693951,M9-t4-c2-PRIME_MERSENNE_61-r2,0,0,2,2,1,0
9,4,2,PRIME_MERSENNE_61,2305843009213693951,M9-t4-c2-PRIME_MERSENNE_61-r3,0,0,2,2,1,0
9,4,2,PRIME_MERSENNE_61,2305843009213693951,M9-t4-c2-PRIME_MERSENNE_61-r4,0,0,2,2,1,0
9,4,2,PRIME_MERSENNE_61,2305843009213693951,M9-t4-c2-PRIME_MERSENNE_61-r5,0,0,2,2,1,0
9,4,2,PRIME_MERSENNE_61,2305843009213693951,M9-t4-c2-PRIME_MERSENNE_61-r6,0,0,2,2,1,0
9,4,2,PRIME_MERSENNE_61,2305843009213693951,M9-t4-c2-PRIME_MERSENNE_61-r7,0,0,2,2,1,0
9,4,2,PRIME_MERSENNE_61,2305843009213693951,M9-t4-c2-PRIME_MERSENNE_61-r8,0,0,2,2,1,0
9,4,2,PRIME_MERSENNE_61,2305843009213693951,M9-t4-c2-PRIME_MERSENNE_61-r9,0,0,2,2,1,0
9,4,2,PRIME_RANDOM_61,2305843009213693967,M9-t4-c2-PRIME_RANDOM_61-r0,0,0,2,2,1,0
9,4,2,PRIME_RANDOM_61,2305843009213693967,M9-t4-c2-PRIME_RANDOM_61-r1,0,0,2,2,1,0
9,4,2,PRIME_RANDOM_61,2305843009213693967,M9-t4-c2-PRIME_RANDOM_61-r2,0,0,2,2,1,0
9,4,2,PRIME_RANDOM_61,2305843009213693967,M9-t4-c2-PRIME_RANDOM_61-r3,0,0,2,2,1,0
9,4,2,PRIME_RANDOM_61,2305843009213693967,M9-t4-c2-PRIME_RANDOM_61-r4,0,0,2,2,1,0
9,4,2,PRIME_RANDOM_61,2305843009213693967,M9-t4-c2-PRIME_RANDOM_61-r5,0,0,2,2,1,0
9,4,2,PRIME_RANDOM_61,2305843009213693967,M9-t4-c2-PRIME_RANDOM_61-r6,0,0,2,2,1,0
9,4,2,PRIME_RANDOM_61,2305843009213693967,M9-t4-c2-PRIME_RANDOM_61-r7,0,0,2,2,1,0
9,4,2,PRIME_RANDOM_61,2305843009213693967,M9-t4-c2-PRIME_RANDOM_61-r8,0,0,2,2,1,0
9,4,2,PRIME_RANDOM_61,2305843009213693967,M9-t4-c2-PRIME_RANDOM_61-r9,0,0,2,2,1,0
9,4,3,PRIME_MERSENNE_61,2305843009213693951,M9-t4-c3-PRIME_MERSENNE_61-r0,0,0,1,1,1,0
9,4,3,PRIME_MERSENNE_61,2305843009213693951,M9-t4-c3-PRIME_MERSENNE_61-r1,0,0,1,1,1,0
9,4,3,PRIME_MERSENNE_61,2305843009213693951,M9-t4-c3-PRIME_MERSENNE_61-r2,0,0,1,1,1,0
9,4,3,PRIME_MERSENNE_61,2305843009213693951,M9-t4-c3-PRIME_MERSENNE_61-r3,0,0,1,1,1,0
9,4,3,PRIME_MERSENNE_61,2305843009213693951,M9-t4-c3-PRIME_MERSENNE_61-r4,0,0,1,1,1,0
9,4,3,PRIME_MERSENNE_61,2305843009213693951,M9-t4-c3-PRIME_MERSENNE_61-r5,0,0,1,1,1,0
9,4,3,PRIME_MERSENNE_61,2305843009213693951,M9-t4-c3-PRIME_MERSENNE_61-r6,0,0,1,1,1,0
9,4,3,PRIME_MERSENNE_61,2305843009213693951,M9-t4-c3-PRIME_MERSENNE_61-r7,0,0,1,1,1,0
9,4,3,PRIME_MERSENNE_61,2305843009213693951,M9-t4-c3-PRIME_MERSENNE_61-r8,0,0,1,1,1,0
9,4,3,PRIME_MERSENNE_61,2305843009213693951,M9-t4-c3-PRIME_MERSENNE_61-r9,0,0,1,1,1,0
9,4,3,PRIME_RANDOM_61,2305843009213693967,M9-t4-c3-PRIME_RANDOM_61-r0,0,0,1,1,1,0
9,4,3,PRIME_RANDOM_61,2305843009213693967,M9-t4-c3-PRIME_RANDOM_61-r1,0,0,1,1,1,0
9,4,3,PRIME_RANDOM_61,2305843009213693967,M9-t4-c3-PRIME_RANDOM_61-r2,0,0,1,1,1,0
9,4,3,PRIME_RANDOM_61,2305843009213693967,M9-t4-c3-PRIME_RANDOM_61-r3,0,0,1,1,1,0
9,4,3,PRIME_RANDOM_61,2305843009213693967,M9-t4-c3-PRIME_RANDOM_61-r4,0,0,1,1,1,0
9,4,3,PRIME_RANDOM_61,2305843009213693967,M9-t4-c3-PRIME_RANDOM_61-r5,0,0,1,1,1,0
9,4,3,PRIME_RANDOM_61,2305843009213693967,M9-t4-c3-PRIME_RANDOM_61-r6,0,0,1,1,1,0
9,4,3,PRIME_RANDOM_61,2305843009213693967,M9-t4-c3-PRIME_RANDOM_61-r7,0,0,1,1,1,0
9,4,3,PRIME_RANDOM_61,2305843009213693967,M9-t4-c3-PRIME_RANDOM_61-r8,0,0,1,1,1,0
9,4,3,PRIME_RANDOM_61,2305843009213693967,M9-t4-c3-PRIME_RANDOM_61-r9,0,0,1,1,1,0
9,4,4,PRIME_MERSENNE_61,2305843009213693951,M9-t4-c4-PRIME_MERSENNE_61-r0,1,1,0,0,1,1
9,4,4,PRIME_MERSENNE_61,2305843009213693951,M9-t4-c4-PRIME_MERSENNE_61-r1,1,1,0,0,1,1
9,4,4,PRIME_MERSENNE_61,2305843009213693951,M9-t4-c4-PRIME_MERSENNE_61-r2,1,1,0,0,1,1
9,4,4,PRIME_MERSENNE_61,2305843009213693951,M9-t4-c4-PRIME_MERSENNE_61-r3,1,1,0,0,1,1
9,4,4,PRIME_MERSENNE_61,2305843009213693951,M9-t4-c4-PRIME_MERSENNE_61-r4,1,1,0,0,1,1
9,4,4,PRIME_MERSENNE_61,2305843009213693951,M9-t4-c4-PRIME_MERSENNE_61-r5,1,1,0,0,1,1
9,4,4,PRIME_MERSENNE_61,2305843009213693951,M9-t4-c4-PRIME_MERSENNE_61-r6,1,1,0,0,1,1
9,4,4,PRIME_MERSENNE_61,2305843009213693951,M9-t4-c4-PRIME_MERSENNE_61-r7,1,1,0,0,1,1
9,4,4,PRIME_MERSENNE_61,2305843009213693951,M9-t4-c4-PRIME_MERSENNE_61-r8,1,1,0,0,1,1
9,4,4,PRIME_MERSENNE_61,2305843009213693951,M9-t4-c4-PRIME_MERSENNE_61-r9,1,1,0,0,1,1
9,4,4,PRIME_RANDOM_61,2305843009213693967,M9-t4-c4-PRIME_RANDOM_61-r0,1,1,0,0,1,1
9,4,4,PRIME_RANDOM_61,2305843009213693967,M9-t4-c4-PRIME_RANDOM_61-r1,1,1,0,0,1,1
9,4,4,PRIME_RANDOM_61,2305843009213693967,M9-t4-c4-PRIME_RANDOM_61-r2,1,1,0,0,1,1
9,4,4,PRIME_RANDOM_61,2305843009213693967,M9-t4-c4-PRIME_RANDOM_61-r3,1,1,0,0,1,1
9,4,4,PRIME_RANDOM_61,2305843009213693967,M9-t4-c4-PRIME_RANDOM_61-r4,1,1,0,0,1,1
9,4,4,PRIME_RANDOM_61,2305843009213693967,M9-t4-c4-PRIME_RANDOM_61-r5,1,1,0,0,1,1
9,4,4,PRIME_RANDOM_61,2305843009213693967,M9-t4-c4-PRIME_RANDOM_61-r6,1,1,0,0,1,1
9,4,4,PRIME_RANDOM_61,2305843009213693967,M9-t4-c4-PRIME_RANDOM_61-r7,1,1,0,0,1,1
9,4,4,PRIME_RANDOM_61,2305843009213693967,M9-t4-c4-PRIME_RANDOM_61-r8,1,1,0,0,1,1
9,4,4,PRIME_RANDOM_61,2305843009213693967,M9-t4-c4-PRIME_RANDOM_61-r9,1,1,0,0,1,1
