M,t,c,prime_label,prime_value,secret_given,extra_post_share,secret_recoverable,expected_secret_recoverable,residual_transition_dim,expected_residual_dim,pass
3,1,0,PRIME_TINY,3,0,0,0,0,1,1,1
3,1,0,PRIME_TINY,3,0,1,0,0,1,1,1
3,1,1,PRIME_TINY,3,0,0,0,0,0,0,1
3,1,1,PRIME_TINY,3,0,1,1,1,0,0,1
3,1,0,PRIME_MERSENNE_61,2305843009213693951,0,0,0,0,1,1,1
3,1,0,PRIME_MERSENNE_61,2305843009213693951,0,1,0,0,1,1,1
3,1,1,PRIME_MERSENNE_61,2305843009213693951,0,0,0,0,0,0,1
3,1,1,PRIME_MERSENNE_61,2305843009213693951,0,1,1,1,0,0,1
3,1,0,PRIME_RANDOM_61,2305843009213693967,0,0,0,0,1,1,1
3,1,0,PRIME_RANDOM_61,2305843009213693967,0,1,0,0,1,1,1
3,1,1,PRIME_RANDOM_61,2305843009213693967,0,0,0,0,0,0,1
3,1,1,PRIME_RANDOM_61,2305843009213693967,0,1,1,1,0,0,1
5,2,0,PRIME_MERSENNE_61,2305843009213693951,0,0,0,0,2,2,1
5,2,0,PRIME_MERSENNE_61,2305843009213693951,0,1,0,0,2,2,1
5,2,1,PRIME_MERSENNE_61,2305843009213693951,0,0,0,0,1,1,1
5,2,1,PRIME_MERSENNE_61,2305843009213693951,0,1,0,0,1,1,1
5,2,2,PRIME_MERSENNE_61,2305843009213693951,0,0,0,0,0,0,1
5,2,2,PRIME_MERSENNE_61,2305843009213693951,0,1,1,1,0,0,1
5,2,0,PRIME_RANDOM_61,2305843009213693967,0,0,0,0,2,2,1
5,2,0,PRIME_RANDOM_61,2305843009213693967,0,1,0,0,2,2,1
5,2,1,PRIME_RANDOM_61,2305843009213693967,0,0,0,0,1,1,1
5,2,1,PRIME_RANDOM_61,2305843009213693967,0,1,0,0,1,1,1
5,2,2,PRIME_RANDOM_61,2305843009213693967,0,0,0,0,0,0,1
5,2,2,PRIME_RANDOM_61,2305843009213693967,0,1,1,1,0,0,1
7,3,0,PRIME_MERSENNE_61,2305843009213693951,0,0,0,0,3,3,1
7,3,0,PRIME_MERSENNE_61,2305843009213693951,0,1,0,0,3,3,1
7,3,1,PRIME_MERSENNE_61,2305843009213693951,0,0,0,0,2,2,1
7,3,1,PRIME_MERSENNE_61,2305843009213693951,0,1,0,0,2,2,1
7,3,2,PRIME_MERSENNE_61,2305843009213693951,0,0,0,0,1,1,1
7,3,2,PRIME_MERSENNE_61,2305843009213693951,0,1,0,0,1,1,1
7,3,3,PRIME_MERSENNE_61,2305843009213693951,0,0,0,0,0,0,1
7,3,3,PRIME_MERSENNE_61,2305843009213693951,0,1,1,1,0,0,1
7,3,0,PRIME_RANDOM_61,2305843009213693967,0,0,0,0,3,3,1
7,3,0,PRIME_RANDOM_61,2305843009213693967,0,1,0,0,3,3,1
7,3,1,PRIME_RANDOM_61,2305843009213693967,0,0,0,0,2,2,1
7,3,1,PRIME_RANDOM_61,2305843009213693967,0,1,0,0,2,2,1
7,3,2,PRIME_RANDOM_61,2305843009213693967,0,0,0,0,1,1,1
7,3,2,PRIME_RANDOM_61,2305843009213693967,0,1,0,0,1,1,1
7,3,3,PRIME_RANDOM_61,2305843009213693967,0,0,0,0,0,0,1
7,3,3,PRIME_RANDOM_61,2305843009213693967,0,1,1,1,0,0,1
9,4,0,PRIME_MERSENNE_61,2305843009213693951,0,0,0,0,4,4,1
9,4,0,PRIME_MERSENNE_61,2305843009213693951,0,1,0,0,4,4,1
9,4,1,PRIME_MERSENNE_61,2305843009213693951,0,0,0,0,3,3,1
9,4,1,PRIME_MERSENNE_61,2305843009213693951,0,1,0,0,3,3,1
9,4,2,PRIME_MERSENNE_61,2305843009213693951,0,0,0,0,2,2,1
9,4,2,PRIME_MERSENNE_61,2305843009213693951,0,1,0,0,2,2,1
9,4,3,PRIME_MERSENNE_61,2305843009213693951,0,0,0,0,1,1,1
9,4,3,PRIME_MERSENNE_61,2305843009213693951,0,1,0,0,1,1,1
9,4,4,PRIME_MERSENNE_61,2305843009213693951,0,0,0,0,0,0,1
9,4,4,PRIME_MERSENNE_61,2305843009213693951,0,1,1,1,0,0,1
9,4,0,PRIME_RANDOM_61,2305843009213693967,0,0,0,0,4,4,1
9,4,0,PRIME_RANDOM_61,2305843009213693967,0,1,0,0,4,4,1
9,4,1,PRIME_RANDOM_61,2305843009213693967,0,0,0,0,3,3,1
9,4,1,PRIME_RANDOM_61,2305843009213693967,0,1,0,0,3,3,1
9,4,2,PRIME_RANDOM_61,2305843009213693967,0,0,0,0,2,2,1
9,4,2,PRIME_RANDOM_61,2305843009213693967,0,1,0,0,2,2,1
9,4,3,PRIME_RANDOM_61,2305843009213693967,0,0,0,0,1,1,1
9,4,3,PRIME_RANDOM_61,2305843009213693967,0,1,0,0,1,1,1
9,4,4,PRIME_RANDOM_61,2305843009213693967,0,0,0,0,0,0,1
9,4,4,PRIME_RANDOM_61,2305843009213693967,0,1,1,1,0,0,1
