n,M,restart_round_k,restart_cost,prefix_cost,baseline_lxyy,restart_ratio,prefix_over_restart,restart_cost_total,cost_model
2,3,1,14,4,14,1.0,0.2857142857142857,42,verification_only_4_units_per_ordinary_round
2,5,1,14,4,14,1.0,0.2857142857142857,70,verification_only_4_units_per_ordinary_round
2,7,1,14,4,14,1.0,0.2857142857142857,98,verification_only_4_units_per_ordinary_round
2,9,1,14,4,14,1.0,0.2857142857142857,126,verification_only_4_units_per_ordinary_round
2,15,1,14,4,14,1.0,0.2857142857142857,210,verification_only_4_units_per_ordinary_round
2,31,1,14,4,14,1.0,0.2857142857142857,434,verification_only_4_units_per_ordinary_round
2,63,1,14,4,14,1.0,0.2857142857142857,882,verification_only_4_units_per_ordinary_round
4,3,1,22,4,22,1.0,0.18181818181818182,66,verification_only_4_units_per_ordinary_round
4,3,2,22,8,22,1.0,0.36363636363636365,66,verification_only_4_units_per_ordinary_round
4,3,3,22,12,22,1.0,0.5454545454545454,66,verification_only_4_units_per_ordinary_round
4,5,1,22,4,22,1.0,0.18181818181818182,110,verification_only_4_units_per_ordinary_round
4,5,2,22,8,22,1.0,0.36363636363636365,110,verification_only_4_units_per_ordinary_round
4,5,3,22,12,22,1.0,0.5454545454545454,110,verification_only_4_units_per_ordinary_round
4,7,1,22,4,22,1.0,0.18181818181818182,154,verification_only_4_units_per_ordinary_round
4,7,2,22,8,22,1.0,0.36363636363636365,154,verification_only_4_units_per_ordinary_round
4,7,3,22,12,22,1.0,0.5454545454545454,154,verification_only_4_units_per_ordinary_round
4,9,1,22,4,22,1.0,0.18181818181818182,198,verification_only_4_units_per_ordinary_round
4,9,2,22,8,22,1.0,0.36363636363636365,198,verification_only_4_units_per_ordinary_round
4,9,3,22,12,22,1.0,0.5454545454545454,198,verification_only_4_units_per_ordinary_round
4,15,1,22,4,22,1.0,0.18181818181818182,330,verification_only_4_units_per_ordinary_round
4,15,2,22,8,22,1.0,0.36363636363636365,330,verification_only_4_units_per_ordinary_round
4,15,3,22,12,22,1.0,0.5454545454545454,330,verification_only_4_units_per_ordinary_round
4,31,1,22,4,22,1.0,0.18181818181818182,682,verification_only_4_units_per_ordinary_round
4,31,2,22,8,22,1.0,0.36363636363636365,682,verification_only_4_units_per_ordinary_round
4,31,3,22,12,22,1.0,0.5454545454545454,682,verification_only_4_units_per_ordinary_round
4,63,1,22,4,22,1.0,0.18181818181818182,1386,verification_only_4_units_per_ordinary_round
4,63,2,22,8,22,1.0,0.36363636363636365,1386,verification_only_4_units_per_ordinary_round
4,63,3,22,12,22,1.0,0.5454545454545454,1386,verification_only_4_units_per_ordinary_round
6,3,1,30,4,30,1.0,0.13333333333333333,90,verification_only_4_units_per_ordinary_round
6,3,2,30,8,30,1.0,0.26666666666666666,90,verification_only_4_units_per_ordinary_round
6,3,3,30,12,30,1.0,0.4,90,verification_only_4_units_per_ordinary_round
6,3,4,30,16,30,1.0,0.5333333333333333,90,verification_only_4_units_per_ordinary_round
6,3,5,30,20,30,1.0,0.6666666666666666,90,verification_only_4_units_per_ordinary_round
6,5,1,30,4,30,1.0,0.13333333333333333,150,verification_only_4_units_per_ordinary_round
6,5,2,30,8,30,1.0,0.26666666666666666,150,verification_only_4_units_per_ordinary_round
6,5,3,30,12,30,1.0,0.4,150,verification_only_4_units_per_ordinary_round
6,5,4,30,16,30,1.0,0.5333333333333333,150,verification_only_4_units_per_ordinary_round
6,5,5,30,20,30,1.0,0.6666666666666666,150,verification_only_4_units_per_ordinary_round
6,7,1,30,4,30,1.0,0.13333333333333333,210,verification_only_4_units_per_ordinary_round
6,7,2,30,8,30,1.0,0.26666666666666666,210,verification_only_4_units_per_ordinary_round
6,7,3,30,12,30,1.0,0.4,210,verification_only_4_units_per_ordinary_round
6,7,4,30,16,30,1.0,0.5333333333333333,210,verification_only_4_units_per_ordinary_round
6,7,5,30,20,30,1.0,0.6666666666666666,210,verification_only_4_units_per_ordinary_round
6,9,1,30,4,30,1.0,0.13333333333333333,270,verification_only_4_units_per_ordinary_round
6,9,2,30,8,30,1.0,0.26666666666666666,270,verification_only_4_units_per_ordinary_round
6,9,3,30,12,30,1.0,0.4,270,verification_only_4_units_per_ordinary_round
6,9,4,30,16,30,1.0,0.5333333333333333,270,verification_only_4_units_per_ordinary_round
6,9,5,30,20,30,1.0,0.6666666666666666,270,verification_only_4_units_per_ordinary_round
6,15,1,30,4,30,1.0,0.13333333333333333,450,verification_only_4_units_per_ordinary_round
6,15,2,30,8,30,1.0,0.26666666666666666,450,verification_only_4_units_per_ordinary_round
6,15,3,30,12,30,1.0,0.4,450,verification_only_4_units_per_ordinary_round
6,15,4,30,16,30,1.0,0.5333333333333333,450,verification_only_4_units_per_ordinary_round
6,15,5,30,20,30,1.0,0.6666666666666666,450,verification_only_4_units_per_ordinary_round
6,31,1,30,4,30,1.0,0.13333333333333333,930,verification_only_4_units_per_ordinary_round
6,31,2,30,8,30,1.0,0.26666666666666666,930,verification_only_4_units_per_ordinary_round
6,31,3,30,12,30,1.0,0.4,930,verification_only_4_units_per_ordinary_round
6,31,4,30,16,30,1.0,0.5333333333333333,930,verification_only_4_units_per_ordinary_round
6,31,5,30,20,30,1.0,0.6666666666666666,930,verification_only_4_units_per_ordinary_round
6,63,1,30,4,30,1.0,0.13333333333333333,1890,verification_only_4_units_per_ordinary_round
6,63,2,30,8,30,1.0,0.26666666666666666,1890,verification_only_4_units_per_ordinary_round
6,63,3,30,12,30,1.0,0.4,1890,verification_only_4_units_per_ordinary_round
6,63,4,30,16,30,1.0,0.5333333333333333,1890,verification_only_4_units_per_ordinary_round
6,63,5,30,20,30,1.0,0.6666666666666666,1890,verification_only_4_units_per_ordinary_round
8,3,1,38,4,38,1.0,0.10526315789473684,114,verification_only_4_units_per_ordinary_round
8,3,2,38,8,38,1.0,0.21052631578947367,114,verification_only_4_units_per_ordinary_round
8,3,3,38,12,38,1.0,0.3157894736842105,114,verification_only_4_units_per_ordinary_round
8,3,4,38,16,38,1.0,0.42105263157894735,114,verification_only_4_units_per_ordinary_round
8,3,5,38,20,38,1.0,0.5263157894736842,114,verification_only_4_units_per_ordinary_round
8,3,6,38,24,38,1.0,0.631578947368421,114,verification_only_4_units_per_ordinary_round
8,3,7,38,28,38,1.0,0.7368421052631579,114,verification_only_4_units_per_ordinary_round
8,5,1,38,4,38,1.0,0.10526315789473684,190,verification_only_4_units_per_ordinary_round
8,5,2,38,8,38,1.0,0.21052631578947367,190,verification_only_4_units_per_ordinary_round
8,5,3,38,12,38,1.0,0.3157894736842105,190,verification_only_4_units_per_ordinary_round
8,5,4,38,16,38,1.0,0.42105263157894735,190,verification_only_4_units_per_ordinary_round
8,5,5,38,20,38,1.0,0.5263157894736842,190,verification_only_4_units_per_ordinary_round
8,5,6,38,24,38,1.0,0.631578947368421,190,verification_only_4_units_per_ordinary_round
8,5,7,38,28,38,1.0,0.7368421052631579,190,verification_only_4_units_per_ordinary_round
8,7,1,38,4,38,1.0,0.10526315789473684,266,verification_only_4_units_per_ordinary_round
8,7,2,38,8,38,1.0,0.21052631578947367,266,verification_only_4_units_per_ordinary_round
8,7,3,38,12,38,1.0,0.3157894736842105,266,verification_only_4_units_per_ordinary_round
8,7,4,38,16,38,1.0,0.42105263157894735,266,verification_only_4_units_per_ordinary_round
8,7,5,38,20,38,1.0,0.5263157894736842,266,verification_only_4_units_per_ordinary_round
8,7,6,38,24,38,1.0,0.631578947368421,266,verification_only_4_units_per_ordinary_round
8,7,7,38,28,38,1.0,0.7368421052631579,266,verification_only_4_units_per_ordinary_round
8,9,1,38,4,38,1.0,0.10526315789473684,342,verification_only_4_units_per_ordinary_round
8,9,2,38,8,38,1.0,0.21052631578947367,342,verification_only_4_units_per_ordinary_round
8,9,3,38,12,38,1.0,0.3157894736842105,342,verification_only_4_units_per_ordinary_round
8,9,4,38,16,38,1.0,0.42105263157894735,342,verification_only_4_units_per_ordinary_round
8,9,5,38,20,38,1.0,0.5263157894736842,342,verification_only_4_units_per_ordinary_round
8,9,6,38,24,38,1.0,0.631578947368421,342,verification_only_4_units_per_ordinary_round
8,9,7,38,28,38,1.0,0.7368421052631579,342,verification_only_4_units_per_ordinary_round
8,15,1,38,4,38,1.0,0.10526315789473684,570,verification_only_4_units_per_ordinary_round
8,15,2,38,8,38,1.0,0.21052631578947367,570,verification_only_4_units_per_ordinary_round
8,15,3,38,12,38,1.0,0.3157894736842105,570,verification_only_4_units_per_ordinary_round
8,15,4,38,16,38,1.0,0.42105263157894735,570,verification_only_4_units_per_ordinary_round
8,15,5,38,20,38,1.0,0.5263157894736842,570,verification_only_4_units_per_ordinary_round
8,15,6,38,24,38,1.0,0.631578947368421,570,verification_only_4_units_per_ordinary_round
8,15,7,38,28,38,1.0,0.7368421052631579,570,verification_only_4_units_per_ordinary_round
8,31,1,38,4,38,1.0,0.10526315789473684,1178,verification_only_4_units_per_ordinary_round
8,31,2,38,8,38,1.0,0.21052631578947367,1178,verification_only_4_units_per_ordinary_round
8,31,3,38,12,38,1.0,0.3157894736842105,1178,verification_only_4_units_per_ordinary_round
8,31,4,38,16,38,1.0,0.42105263157894735,1178,verification_only_4_units_per_ordinary_round
8,31,5,38,20,38,1.0,0.5263157894736842,1178,verification_only_4_units_per_ordinary_round
8,31,6,38,24,38,1.0,0.631578947368421,1178,verification_only_4_units_per_ordinary_round
8,31,7,38,28,38,1.0,0.7368421052631579,1178,verification_only_4_units_per_ordinary_round
8,63,1,38,4,38,1.0,0.10526315789473684,2394,verification_only_4_units_per_ordinary_round
8,63,2,38,8,38,1.0,0.21052631578947367,2394,verification_only_4_units_per_ordinary_round
8,63,3,38,12,38,1.0,0.3157894736842105,2394,verification_only_4_units_per_ordinary_round
8,63,4,38,16,38,1.0,0.42105263157894735,2394,verification_only_4_units_per_ordinary_round
8,63,5,38,20,38,1.0,0.5263157894736842,2394,verification_only_4_units_per_ordinary_round
8,63,6,38,24,38,1.0,0.631578947368421,2394,verification_only_4_units_per_ordinary_round
8,63,7,38,28,38,1.0,0.7368421052631579,2394,verification_only_4_units_per_ordinary_round
10,3,1,46,4,46,1.0,0.08695652173913043,138,verification_only_4_units_per_ordinary_round
10,3,2,46,8,46,1.0,0.17391304347826086,138,verification_only_4_units_per_ordinary_round
10,3,3,46,12,46,1.0,0.2608695652173913,138,verification_only_4_units_per_ordinary_round
10,3,4,46,16,46,1.0,0.34782608695652173,138,verification_only_4_units_per_ordinary_round
10,3,5,46,20,46,1.0,0.43478260869565216,138,verification_only_4_units_per_ordinary_round
10,3,6,46,24,46,1.0,0.5217391304347826,138,verification_only_4_units_per_ordinary_round
10,3,7,46,28,46,1.0,0.6086956521739131,138,verification_only_4_units_per_ordinary_round
10,3,8,46,32,46,1.0,0.6956521739130435,138,verification_only_4_units_per_ordinary_round
10,3,9,46,36,46,1.0,0.782608695652174,138,verification_only_4_units_per_ordinary_round
10,5,1,46,4,46,1.0,0.08695652173913043,230,verification_only_4_units_per_ordinary_round
10,5,2,46,8,46,1.0,0.17391304347826086,230,verification_only_4_units_per_ordinary_round
10,5,3,46,12,46,1.0,0.2608695652173913,230,verification_only_4_units_per_ordinary_round
10,5,4,46,16,46,1.0,0.34782608695652173,230,verification_only_4_units_per_ordinary_round
10,5,5,46,20,46,1.0,0.43478260869565216,230,verification_only_4_units_per_ordinary_round
10,5,6,46,24,46,1.0,0.5217391304347826,230,verification_only_4_units_per_ordinary_round
10,5,7,46,28,46,1.0,0.6086956521739131,230,verification_only_4_units_per_ordinary_round
10,5,8,46,32,46,1.0,0.6956521739130435,230,verification_only_4_units_per_ordinary_round
10,5,9,46,36,46,1.0,0.782608695652174,230,verification_only_4_units_per_ordinary_round
10,7,1,46,4,46,1.0,0.08695652173913043,322,verification_only_4_units_per_ordinary_round
10,7,2,46,8,46,1.0,0.17391304347826086,322,verification_only_4_units_per_ordinary_round
10,7,3,46,12,46,1.0,0.2608695652173913,322,verification_only_4_units_per_ordinary_round
10,7,4,46,16,46,1.0,0.34782608695652173,322,verification_only_4_units_per_ordinary_round
10,7,5,46,20,46,1.0,0.43478260869565216,322,verification_only_4_units_per_ordinary_round
10,7,6,46,24,46,1.0,0.5217391304347826,322,verification_only_4_units_per_ordinary_round
10,7,7,46,28,46,1.0,0.6086956521739131,322,verification_only_4_units_per_ordinary_round
10,7,8,46,32,46,1.0,0.6956521739130435,322,verification_only_4_units_per_ordinary_round
10,7,9,46,36,46,1.0,0.782608695652174,322,verification_only_4_units_per_ordinary_round
10,9,1,46,4,46,1.0,0.08695652173913043,414,verification_only_4_units_per_ordinary_round
10,9,2,46,8,46,1.0,0.17391304347826086,414,verification_only_4_units_per_ordinary_round
10,9,3,46,12,46,1.0,0.2608695652173913,414,verification_only_4_units_per_ordinary_round
10,9,4,46,16,46,1.0,0.34782608695652173,414,verification_only_4_units_per_ordinary_round
10,9,5,46,20,46,1.0,0.43478260869565216,414,verification_only_4_units_per_ordinary_round
10,9,6,46,24,46,1.0,0.5217391304347826,414,verification_only_4_units_per_ordinary_round
10,9,7,46,28,46,1.0,0.6086956521739131,414,verification_only_4_units_per_ordinary_round
10,9,8,46,32,46,1.0,0.6956521739130435,414,verification_only_4_units_per_ordinary_round
10,9,9,46,36,46,1.0,0.782608695652174,414,verification_only_4_units_per_ordinary_round
10,15,1,46,4,46,1.0,0.08695652173913043,690,verification_only_4_units_per_ordinary_round
10,15,2,46,8,46,1.0,0.17391304347826086,690,verification_only_4_units_per_ordinary_round
10,15,3,46,12,46,1.0,0.2608695652173913,690,verification_only_4_units_per_ordinary_round
10,15,4,46,16,46,1.0,0.34782608695652173,690,verification_only_4_units_per_ordinary_round
10,15,5,46,20,46,1.0,0.43478260869565216,690,verification_only_4_units_per_ordinary_round
10,15,6,46,24,46,1.0,0.5217391304347826,690,verification_only_4_units_per_ordinary_round
10,15,7,46,28,46,1.0,0.6086956521739131,690,verification_only_4_units_per_ordinary_round
10,15,8,46,32,46,1.0,0.6956521739130435,690,verification_only_4_units_per_ordinary_round
10,15,9,46,36,46,1.0,0.782608695652174,690,verification_only_4_units_per_ordinary_round
10,31,1,46,4,46,1.0,0.08695652173913043,1426,verification_only_4_units_per_ordinary_round
10,31,2,46,8,46,1.0,0.17391304347826086,1426,verification_only_4_units_per_ordinary_round
10,31,3,46,12,46,1.0,0.2608695652173913,1426,verification_only_4_units_per_ordinary_round
10,31,4,46,16,46,1.0,0.34782608695652173,1426,verification_only_4_units_per_ordinary_round
10,31,5,46,20,46,1.0,0.43478260869565216,1426,verification_only_4_units_per_ordinary_round
10,31,6,46,24,46,1.0,0.5217391304347826,1426,verification_only_4_units_per_ordinary_round
10,31,7,46,28,46,1.0,0.6086956521739131,1426,verification_only_4_units_per_ordinary_round
10,31,8,46,32,46,1.0,0.6956521739130435,1426,verification_only_4_units_per_ordinary_round
10,31,9,46,36,46,1.0,0.782608695652174,1426,verification_only_4_units_per_ordinary_round
10,63,1,46,4,46,1.0,0.08695652173913043,2898,verification_only_4_units_per_ordinary_round
10,63,2,46,8,46,1.0,0.17391304347826086,2898,verification_only_4_units_per_ordinary_round
10,63,3,46,12,46,1.0,0.2608695652173913,2898,verification_only_4_units_per_ordinary_round
10,63,4,46,16,46,1.0,0.34782608695652173,2898,verification_only_4_units_per_ordinary_round
10,63,5,46,20,46,1.0,0.43478260869565216,2898,verification_only_4_units_per_ordinary_round
10,63,6,46,24,46,1.0,0.5217391304347826,2898,verification_only_4_units_per_ordinary_round
10,63,7,46,28,46,1.0,0.6086956521739131,2898,verification_only_4_units_per_ordinary_round
10,63,8,46,32,46,1.0,0.6956521739130435,2898,verification_only_4_units_per_ordinary_round
10,63,9,46,36,46,1.0,0.782608695652174,2898,verification_only_4_units_per_ordinary_round
12,3,1,54,4,54,1.0,0.07407407407407407,162,verification_only_4_units_per_ordinary_round
12,3,2,54,8,54,1.0,0.14814814814814814,162,verification_only_4_units_per_ordinary_round
12,3,3,54,12,54,1.0,0.2222222222222222,162,verification_only_4_units_per_ordinary_round
12,3,4,54,16,54,1.0,0.2962962962962963,162,verification_only_4_units_per_ordinary_round
12,3,5,54,20,54,1.0,0.37037037037037035,162,verification_only_4_units_per_ordinary_round
12,3,6,54,24,54,1.0,0.4444444444444444,162,verification_only_4_units_per_ordinary_round
12,3,7,54,28,54,1.0,0.5185185185185185,162,verification_only_4_units_per_ordinary_round
12,3,8,54,32,54,1.0,0.5925925925925926,162,verification_only_4_units_per_ordinary_round
12,3,9,54,36,54,1.0,0.6666666666666666,162,verification_only_4_units_per_ordinary_round
12,3,10,54,40,54,1.0,0.7407407407407407,162,verification_only_4_units_per_ordinary_round
12,3,11,54,44,54,1.0,0.8148148148148148,162,verification_only_4_units_per_ordinary_round
12,5,1,54,4,54,1.0,0.07407407407407407,270,verification_only_4_units_per_ordinary_round
12,5,2,54,8,54,1.0,0.14814814814814814,270,verification_only_4_units_per_ordinary_round
12,5,3,54,12,54,1.0,0.2222222222222222,270,verification_only_4_units_per_ordinary_round
12,5,4,54,16,54,1.0,0.2962962962962963,270,verification_only_4_units_per_ordinary_round
12,5,5,54,20,54,1.0,0.37037037037037035,270,verification_only_4_units_per_ordinary_round
12,5,6,54,24,54,1.0,0.4444444444444444,270,verification_only_4_units_per_ordinary_round
12,5,7,54,28,54,1.0,0.5185185185185185,270,verification_only_4_units_per_ordinary_round
12,5,8,54,32,54,1.0,0.5925925925925926,270,verification_only_4_units_per_ordinary_round
12,5,9,54,36,54,1.0,0.6666666666666666,270,verification_only_4_units_per_ordinary_round
12,5,10,54,40,54,1.0,0.7407407407407407,270,verification_only_4_units_per_ordinary_round
12,5,11,54,44,54,1.0,0.8148148148148148,270,verification_only_4_units_per_ordinary_round
12,7,1,54,4,54,1.0,0.07407407407407407,378,verification_only_4_units_per_ordinary_round
12,7,2,54,8,54,1.0,0.14814814814814814,378,verification_only_4_units_per_ordinary_round
12,7,3,54,12,54,1.0,0.2222222222222222,378,verification_only_4_units_per_ordinary_round
12,7,4,54,16,54,1.0,0.2962962962962963,378,verification_only_4_units_per_ordinary_round
12,7,5,54,20,54,1.0,0.37037037037037035,378,verification_only_4_units_per_ordinary_round
12,7,6,54,24,54,1.0,0.4444444444444444,378,verification_only_4_units_per_ordinary_round
12,7,7,54,28,54,1.0,0.5185185185185185,378,verification_only_4_units_per_ordinary_round
12,7,8,54,32,54,1.0,0.5925925925925926,378,verification_only_4_units_per_ordinary_round
12,7,9,54,36,54,1.0,0.6666666666666666,378,verification_only_4_units_per_ordinary_round
12,7,10,54,40,54,1.0,0.7407407407407407,378,verification_only_4_units_per_ordinary_round
12,7,11,54,44,54,1.0,0.8148148148148148,378,verification_only_4_units_per_ordinary_round
12,9,1,54,4,54,1.0,0.07407407407407407,486,verification_only_4_units_per_ordinary_round
12,9,2,54,8,54,1.0,0.14814814814814814,486,verification_only_4_units_per_ordinary_round
12,9,3,54,12,54,1.0,0.2222222222222222,486,verification_only_4_units_per_ordinary_round
12,9,4,54,16,54,1.0,0.2962962962962963,486,verification_only_4_units_per_ordinary_round
12,9,5,54,20,54,1.0,0.37037037037037035,486,verification_only_4_units_per_ordinary_round
12,9,6,54,24,54,1.0,0.4444444444444444,486,verification_only_4_units_per_ordinary_round
12,9,7,54,28,54,1.0,0.5185185185185185,486,verification_only_4_units_per_ordinary_round
12,9,8,54,32,54,1.0,0.5925925925925926,486,verification_only_4_units_per_ordinary_round
12,9,9,54,36,54,1.0,0.6666666666666666,486,verification_only_4_units_per_ordinary_round
12,9,10,54,40,54,1.0,0.7407407407407407,486,verification_only_4_units_per_ordinary_round
12,9,11,54,44,54,1.0,0.8148148148148148,486,verification_only_4_units_per_ordinary_round
12,15,1,54,4,54,1.0,0.07407407407407407,810,verification_only_4_units_per_ordinary_round
12,15,2,54,8,54,1.0,0.14814814814814814,810,verification_only_4_units_per_ordinary_round
12,15,3,54,12,54,1.0,0.2222222222222222,810,verification_only_4_units_per_ordinary_round
12,15,4,54,16,54,1.0,0.2962962962962963,810,verification_only_4_units_per_ordinary_round
12,15,5,54,20,54,1.0,0.37037037037037035,810,verification_only_4_units_per_ordinary_round
12,15,6,54,24,54,1.0,0.4444444444444444,810,verification_only_4_units_per_ordinary_round
12,15,7,54,28,54,1.0,0.5185185185185185,810,verification_only_4_units_per_ordinary_round
12,15,8,54,32,54,1.0,0.5925925925925926,810,verification_only_4_units_per_ordinary_round
12,15,9,54,36,54,1.0,0.6666666666666666,810,verification_only_4_units_per_ordinary_round
12,15,10,54,40,54,1.0,0.7407407407407407,810,verification_only_4_units_per_ordinary_round
12,15,11,54,44,54,1.0,0.8148148148148148,810,verification_only_4_units_per_ordinary_round
12,31,1,54,4,54,1.0,0.07407407407407407,1674,verification_only_4_units_per_ordinary_round
12,31,2,54,8,54,1.0,0.14814814814814814,1674,verification_only_4_units_per_ordinary_round
12,31,3,54,12,54,1.0,0.2222222222222222,1674,verification_only_4_units_per_ordinary_round
12,31,4,54,16,54,1.0,0.2962962962962963,1674,verification_only_4_units_per_ordinary_round
12,31,5,54,20,54,1.0,0.37037037037037035,1674,verification_only_4_units_per_ordinary_round
12,31,6,54,24,54,1.0,0.4444444444444444,1674,verification_only_4_units_per_ordinary_round
12,31,7,54,28,54,1.0,0.5185185185185185,1674,verification_only_4_units_per_ordinary_round
12,31,8,54,32,54,1.0,0.5925925925925926,1674,verification_only_4_units_per_ordinary_round
12,31,9,54,36,54,1.0,0.6666666666666666,1674,verification_only_4_units_per_ordinary_round
12,31,10,54,40,54,1.0,0.7407407407407407,1674,verification_only_4_units_per_ordinary_round
12,31,11,54,44,54,1.0,0.8148148148148148,1674,verification_only_4_units_per_ordinary_round
12,63,1,54,4,54,1.0,0.07407407407407407,3402,verification_only_4_units_per_ordinary_round
12,63,2,54,8,54,1.0,0.14814814814814814,3402,verification_only_4_units_per_ordinary_round
12,63,3,54,12,54,1.0,0.2222222222222222,3402,verification_only_4_units_per_ordinary_round
12,63,4,54,16,54,1.0,0.2962962962962963,3402,verification_only_4_units_per_ordinary_round
12,63,5,54,20,54,1.0,0.37037037037037035,3402,verification_only_4_units_per_ordinary_round
12,63,6,54,24,54,1.0,0.4444444444444444,3402,verification_only_4_units_per_ordinary_round
12,63,7,54,28,54,1.0,0.5185185185185185,3402,verification_only_4_units_per_ordinary_round
12,63,8,54,32,54,1.0,0.5925925925925926,3402,verification_only_4_units_per_ordinary_round
12,63,9,54,36,54,1.0,0.6666666666666666,3402,verification_only_4_units_per_ordinary_round
12,63,10,54,40,54,1.0,0.7407407407407407,3402,verification_only_4_units_per_ordinary_round
12,63,11,54,44,54,1.0,0.8148148148148148,3402,verification_only_4_units_per_ordinary_round
14,3,1,62,4,62,1.0,0.06451612903225806,186,verification_only_4_units_per_ordinary_round
14,3,2,62,8,62,1.0,0.12903225806451613,186,verification_only_4_units_per_ordinary_round
14,3,3,62,12,62,1.0,0.1935483870967742,186,verification_only_4_units_per_ordinary_round
14,3,4,62,16,62,1.0,0.25806451612903225,186,verification_only_4_units_per_ordinary_round
14,3,5,62,20,62,1.0,0.3225806451612903,186,verification_only_4_units_per_ordinary_round
14,3,6,62,24,62,1.0,0.3870967741935484,186,verification_only_4_units_per_ordinary_round
14,3,7,62,28,62,1.0,0.45161290322580644,186,verification_only_4_units_per_ordinary_round
14,3,8,62,32,62,1.0,0.5161290322580645,186,verification_only_4_units_per_ordinary_round
14,3,9,62,36,62,1.0,0.5806451612903226,186,verification_only_4_units_per_ordinary_round
14,3,10,62,40,62,1.0,0.6451612903225806,186,verification_only_4_units_per_ordinary_round
14,3,11,62,44,62,1.0,0.7096774193548387,186,verification_only_4_units_per_ordinary_round
14,3,12,62,48,62,1.0,0.7741935483870968,186,verification_only_4_units_per_ordinary_round
14,3,13,62,52,62,1.0,0.8387096774193549,186,verification_only_4_units_per_ordinary_round
14,5,1,62,4,62,1.0,0.06451612903225806,310,verification_only_4_units_per_ordinary_round
14,5,2,62,8,62,1.0,0.12903225806451613,310,verification_only_4_units_per_ordinary_round
14,5,3,62,12,62,1.0,0.1935483870967742,310,verification_only_4_units_per_ordinary_round
14,5,4,62,16,62,1.0,0.25806451612903225,310,verification_only_4_units_per_ordinary_round
14,5,5,62,20,62,1.0,0.3225806451612903,310,verification_only_4_units_per_ordinary_round
14,5,6,62,24,62,1.0,0.3870967741935484,310,verification_only_4_units_per_ordinary_round
14,5,7,62,28,62,1.0,0.45161290322580644,310,verification_only_4_units_per_ordinary_round
14,5,8,62,32,62,1.0,0.5161290322580645,310,verification_only_4_units_per_ordinary_round
14,5,9,62,36,62,1.0,0.5806451612903226,310,verification_only_4_units_per_ordinary_round
14,5,10,62,40,62,1.0,0.6451612903225806,310,verification_only_4_units_per_ordinary_round
14,5,11,62,44,62,1.0,0.7096774193548387,310,verification_only_4_units_per_ordinary_round
14,5,12,62,48,62,1.0,0.7741935483870968,310,verification_only_4_units_per_ordinary_round
14,5,13,62,52,62,1.0,0.8387096774193549,310,verification_only_4_units_per_ordinary_round
14,7,1,62,4,62,1.0,0.06451612903225806,434,verification_only_4_units_per_ordinary_round
14,7,2,62,8,62,1.0,0.12903225806451613,434,verification_only_4_units_per_ordinary_round
14,7,3,62,12,62,1.0,0.1935483870967742,434,verification_only_4_units_per_ordinary_round
14,7,4,62,16,62,1.0,0.25806451612903225,434,verification_only_4_units_per_ordinary_round
14,7,5,62,20,62,1.0,0.3225806451612903,434,verification_only_4_units_per_ordinary_round
14,7,6,62,24,62,1.0,0.3870967741935484,434,verification_only_4_units_per_ordinary_round
14,7,7,62,28,62,1.0,0.45161290322580644,434,verification_only_4_units_per_ordinary_round
14,7,8,62,32,62,1.0,0.5161290322580645,434,verification_only_4_units_per_ordinary_round
14,7,9,62,36,62,1.0,0.5806451612903226,434,verification_only_4_units_per_ordinary_round
14,7,10,62,40,62,1.0,0.6451612903225806,434,verification_only_4_units_per_ordinary_round
14,7,11,62,44,62,1.0,0.7096774193548387,434,verification_only_4_units_per_ordinary_round
14,7,12,62,48,62,1.0,0.7741935483870968,434,verification_only_4_units_per_ordinary_round
14,7,13,62,52,62,1.0,0.8387096774193549,434,verification_only_4_units_per_ordinary_round
14,9,1,62,4,62,1.0,0.06451612903225806,558,verification_only_4_units_per_ordinary_round
14,9,2,62,8,62,1.0,0.12903225806451613,558,verification_only_4_units_per_ordinary_round
14,9,3,62,12,62,1.0,0.1935483870967742,558,verification_only_4_units_per_ordinary_round
14,9,4,62,16,62,1.0,0.25806451612903225,558,verification_only_4_units_per_ordinary_round
14,9,5,62,20,62,1.0,0.3225806451612903,558,verification_only_4_units_per_ordinary_round
14,9,6,62,24,62,1.0,0.3870967741935484,558,verification_only_4_units_per_ordinary_round
14,9,7,62,28,62,1.0,0.45161290322580644,558,verification_only_4_units_per_ordinary_round
14,9,8,62,32,62,1.0,0.5161290322580645,558,verification_only_4_units_per_ordinary_round
14,9,9,62,36,62,1.0,0.5806451612903226,558,verification_only_4_units_per_ordinary_round
14,9,10,62,40,62,1.0,0.6451612903225806,558,verification_only_4_units_per_ordinary_round
14,9,11,62,44,62,1.0,0.7096774193548387,558,verification_only_4_units_per_ordinary_round
14,9,12,62,48,62,1.0,0.7741935483870968,558,verification_only_4_units_per_ordinary_round
14,9,13,62,52,62,1.0,0.8387096774193549,558,verification_only_4_units_per_ordinary_round
14,15,1,62,4,62,1.0,0.06451612903225806,930,verification_only_4_units_per_ordinary_round
14,15,2,62,8,62,1.0,0.12903225806451613,930,verification_only_4_units_per_ordinary_round
14,15,3,62,12,62,1.0,0.1935483870967742,930,verification_only_4_units_per_ordinary_round
14,15,4,62,16,62,1.0,0.25806451612903225,930,verification_only_4_units_per_ordinary_round
14,15,5,62,20,62,1.0,0.3225806451612903,930,verification_only_4_units_per_ordinary_round
14,15,6,62,24,62,1.0,0.3870967741935484,930,verification_only_4_units_per_ordinary_round
14,15,7,62,28,62,1.0,0.45161290322580644,930,verification_only_4_units_per_ordinary_round
14,15,8,62,32,62,1.0,0.5161290322580645,930,verification_only_4_units_per_ordinary_round
14,15,9,62,36,62,1.0,0.5806451612903226,930,verification_only_4_units_per_ordinary_round
14,15,10,62,40,62,1.0,0.6451612903225806,930,verification_only_4_units_per_ordinary_round
14,15,11,62,44,62,1.0,0.7096774193548387,930,verification_only_4_units_per_ordinary_round
14,15,12,62,48,62,1.0,0.7741935483870968,930,verification_only_4_units_per_ordinary_round
14,15,13,62,52,62,1.0,0.8387096774193549,930,verification_only_4_units_per_ordinary_round
14,31,1,62,4,62,1.0,0.06451612903225806,1922,verification_only_4_units_per_ordinary_round
14,31,2,62,8,62,1.0,0.12903225806451613,1922,verification_only_4_units_per_ordinary_round
14,31,3,62,12,62,1.0,0.1935483870967742,1922,verification_only_4_units_per_ordinary_round
14,31,4,62,16,62,1.0,0.25806451612903225,1922,verification_only_4_units_per_ordinary_round
14,31,5,62,20,62,1.0,0.3225806451612903,1922,verification_only_4_units_per_ordinary_round
14,31,6,62,24,62,1.0,0.3870967741935484,1922,verification_only_4_units_per_ordinary_round
14,31,7,62,28,62,1.0,0.45161290322580644,1922,verification_only_4_units_per_ordinary_round
14,31,8,62,32,62,1.0,0.5161290322580645,1922,verification_only_4_units_per_ordinary_round
14,31,9,62,36,62,1.0,0.5806451612903226,1922,verification_only_4_units_per_ordinary_round
14,31,10,62,40,62,1.0,0.6451612903225806,1922,verification_only_4_units_per_ordinary_round
14,31,11,62,44,62,1.0,0.7096774193548387,1922,verification_only_4_units_per_ordinary_round
14,31,12,62,48,62,1.0,0.7741935483870968,1922,verification_only_4_units_per_ordinary_round
14,31,13,62,52,62,1.0,0.8387096774193549,1922,verification_only_4_units_per_ordinary_round
14,63,1,62,4,62,1.0,0.06451612903225806,3906,verification_only_4_units_per_ordinary_round
14,63,2,62,8,62,1.0,0.12903225806451613,3906,verification_only_4_units_per_ordinary_round
14,63,3,62,12,62,1.0,0.1935483870967742,3906,verification_only_4_units_per_ordinary_round
14,63,4,62,16,62,1.0,0.25806451612903225,3906,verification_only_4_units_per_ordinary_round
14,63,5,62,20,62,1.0,0.3225806451612903,3906,verification_only_4_units_per_ordinary_round
14,63,6,62,24,62,1.0,0.3870967741935484,3906,verification_only_4_units_per_ordinary_round
14,63,7,62,28,62,1.0,0.45161290322580644,3906,verification_only_4_units_per_ordinary_round
14,63,8,62,32,62,1.0,0.5161290322580645,3906,verification_only_4_units_per_ordinary_round
14,63,9,62,36,62,1.0,0.5806451612903226,3906,verification_only_4_units_per_ordinary_round
14,63,10,62,40,62,1.0,0.6451612903225806,3906,verification_only_4_units_per_ordinary_round
14,63,11,62,44,62,1.0,0.7096774193548387,3906,verification_only_4_units_per_ordinary_round
14,63,12,62,48,62,1.0,0.7741935483870968,3906,verification_only_4_units_per_ordinary_round
14,63,13,62,52,62,1.0,0.8387096774193549,3906,verification_only_4_units_per_ordinary_round
