n,degree,prime_label,prime_value,trial_id,challenge_policy,k,observed_rank,expected_rank,residual_dimension,expected_residual_dimension,pass
3,2,PRIME_TINY,3,libra-3-PRIME_TINY-exclude_01-0,exclude_01,0,1,1,6,6,1
3,2,PRIME_TINY,3,libra-3-PRIME_TINY-exclude_01-0,exclude_01,1,3,3,4,4,1
3,2,PRIME_TINY,3,libra-3-PRIME_TINY-exclude_01-0,exclude_01,2,5,5,2,2,1
3,2,PRIME_TINY,3,libra-3-PRIME_TINY-exclude_01-0,exclude_01,3,7,7,0,0,1
3,2,PRIME_TINY,3,libra-3-PRIME_TINY-exclude_01-1,exclude_01,0,1,1,6,6,1
3,2,PRIME_TINY,3,libra-3-PRIME_TINY-exclude_01-1,exclude_01,1,3,3,4,4,1
3,2,PRIME_TINY,3,libra-3-PRIME_TINY-exclude_01-1,exclude_01,2,5,5,2,2,1
3,2,PRIME_TINY,3,libra-3-PRIME_TINY-exclude_01-1,exclude_01,3,7,7,0,0,1
3,2,PRIME_TINY,3,libra-3-PRIME_TINY-exclude_01-2,exclude_01,0,1,1,6,6,1
3,2,PRIME_TINY,3,libra-3-PRIME_TINY-exclude_01-2,exclude_01,1,3,3,4,4,1
3,2,PRIME_TINY,3,libra-3-PRIME_TINY-exclude_01-2,exclude_01,2,5,5,2,2,1
3,2,PRIME_TINY,3,libra-3-PRIME_TINY-exclude_01-2,exclude_01,3,7,7,0,0,1
3,2,PRIME_TINY,3,libra-3-PRIME_TINY-forced_01-0,forced_01,0,1,1,6,6,1
3,2,PRIME_TINY,3,libra-3-PRIME_TINY-forced_01-0,forced_01,1,3,3,4,4,1
3,2,PRIME_TINY,3,libra-3-PRIME_TINY-forced_01-0,forced_01,2,5,5,2,2,1
3,2,PRIME_TINY,3,libra-3-PRIME_TINY-forced_01-0,forced_01,3,7,7,0,0,1
3,2,PRIME_TINY,3,libra-3-PRIME_TINY-forced_01-1,forced_01,0,1,1,6,6,1
3,2,PRIME_TINY,3,libra-3-PRIME_TINY-forced_01-1,forced_01,1,3,3,4,4,1
3,2,PRIME_TINY,3,libra-3-PRIME_TINY-forced_01-1,forced_01,2,5,5,2,2,1
3,2,PRIME_TINY,3,libra-3-PRIME_TINY-forced_01-1,forced_01,3,7,7,0,0,1
3,2,PRIME_TINY,3,libra-3-PRIME_TINY-forced_01-2,forced_01,0,1,1,6,6,1
3,2,PRIME_TINY,3,libra-3-PRIME_TINY-forced_01-2,forced_01,1,3,3,4,4,1
3,2,PRIME_TINY,3,libra-3-PRIME_TINY-forced_01-2,forced_01,2,5,5,2,2,1
3,2,PRIME_TINY,3,libra-3-PRIME_TINY-forced_01-2,forced_01,3,7,7,0,0,1
3,2,PRIME_MERSENNE_61,2305843009213693951,libra-3-PRIME_MERSENNE_61-exclude_01-0,exclude_01,0,1,1,6,6,1
3,2,PRIME_MERSENNE_61,2305843009213693951,libra-3-PRIME_MERSENNE_61-exclude_01-0,exclude_01,1,3,3,4,4,1
3,2,PRIME_MERSENNE_61,2305843009213693951,libra-3-PRIME_MERSENNE_61-exclude_01-0,exclude_01,2,5,5,2,2,1
3,2,PRIME_MERSENNE_61,2305843009213693951,libra-3-PRIME_MERSENNE_61-exclude_01-0,exclude_01,3,7,7,0,0,1
3,2,PRIME_MERSENNE_61,2305843009213693951,libra-3-PRIME_MERSENNE_61-exclude_01-1,exclude_01,0,1,1,6,6,1
3,2,PRIME_MERSENNE_61,2305843009213693951,libra-3-PRIME_MERSENNE_61-exclude_01-1,exclude_01,1,3,3,4,4,1
3,2,PRIME_MERSENNE_61,2305843009213693951,libra-3-PRIME_MERSENNE_61-exclude_01-1,exclude_01,2,5,5,2,2,1
3,2,PRIME_MERSENNE_61,2305843009213693951,libra-3-PRIME_MERSENNE_61-exclude_01-1,exclude_01,3,7,7,0,0,1
3,2,PRIME_MERSENNE_61,2305843009213693951,libra-3-PRIME_MERSENNE_61-exclude_01-2,exclude_01,0,1,1,6,6,1
3,2,PRIME_MERSENNE_61,2305843009213693951,libra-3-PRIME_MERSENNE_61-exclude_01-2,exclude_01,1,3,3,4,4,1
3,2,PRIME_MERSENNE_61,2305843009213693951,libra-3-PRIME_MERSENNE_61-exclude_01-2,exclude_01,2,5,5,2,2,1
3,2,PRIME_MERSENNE_61,2305843009213693951,libra-3-PRIME_MERSENNE_61-exclude_01-2,exclude_01,3,7,7,0,0,1
3,2,PRIME_MERSENNE_61,2305843009213693951,libra-3-PRIME_MERSENNE_61-forced_01-0,forced_01,0,1,1,6,6,1
3,2,PRIME_MERSENNE_61,2305843009213693951,libra-3-PRIME_MERSENNE_61-forced_01-0,forced_01,1,3,3,4,4,1
3,2,PRIME_MERSENNE_61,2305843009213693951,libra-3-PRIME_MERSENNE_61-forced_01-0,forced_01,2,5,5,2,2,1
3,2,PRIME_MERSENNE_61,2305843009213693951,libra-3-PRIME_MERSENNE_61-forced_01-0,forced_01,3,7,7,0,0,1
3,2,PRIME_MERSENNE_61,2305843009213693951,libra-3-PRIME_MERSENNE_61-forced_01-1,forced_01,0,1,1,6,6,1
3,2,PRIME_MERSENNE_61,2305843009213693951,libra-3-PRIME_MERSENNE_61-forced_01-1,forced_01,1,3,3,4,4,1
3,2,PRIME_MERSENNE_61,2305843009213693951,libra-3-PRIME_MERSENNE_61-forced_01-1,forced_01,2,5,5,2,2,1
3,2,PRIME_MERSENNE_61,2305843009213693951,libra-3-PRIME_MERSENNE_61-forced_01-1,forced_01,3,7,7,0,0,1
3,2,PRIME_MERSENNE_61,2305843009213693951,libra-3-PRIME_MERSENNE_61-forced_01-2,forced_01,0,1,1,6,6,1
3,2,PRIME_MERSENNE_61,2305843009213693951,libra-3-PRIME_MERSENNE_61-forced_01-2,forced_01,1,3,3,4,4,1
3,2,PRIME_MERSENNE_61,2305843009213693951,libra-3-PRIME_MERSENNE_61-forced_01-2,forced_01,2,5,5,2,2,1
3,2,PRIME_MERSENNE_61,2305843009213693951,libra-3-PRIME_MERSENNE_61-forced_01-2,forced_01,3,7,7,0,0,1
3,2,PRIME_RANDOM_61,2305843009213693967,libra-3-PRIME_RANDOM_61-exclude_01-0,exclude_01,0,1,1,6,6,1
3,2,PRIME_RANDOM_61,2305843009213693967,libra-3-PRIME_RANDOM_61-exclude_01-0,exclude_01,1,3,3,4,4,1
3,2,PRIME_RANDOM_61,2305843009213693967,libra-3-PRIME_RANDOM_61-exclude_01-0,exclude_01,2,5,5,2,2,1
3,2,PRIME_RANDOM_61,2305843009213693967,libra-3-PRIME_RANDOM_61-exclude_01-0,exclude_01,3,7,7,0,0,1
3,2,PRIME_RANDOM_61,2305843009213693967,libra-3-PRIME_RANDOM_61-exclude_01-1,exclude_01,0,1,1,6,6,1
3,2,PRIME_RANDOM_61,2305843009213693967,libra-3-PRIME_RANDOM_61-exclude_01-1,exclude_01,1,3,3,4,4,1
3,2,PRIME_RANDOM_61,2305843009213693967,libra-3-PRIME_RANDOM_61-exclude_01-1,exclude_01,2,5,5,2,2,1
3,2,PRIME_RANDOM_61,2305843009213693967,libra-3-PRIME_RANDOM_61-exclude_01-1,exclude_01,3,7,7,0,0,1
3,2,PRIME_RANDOM_61,2305843009213693967,libra-3-PRIME_RANDOM_61-exclude_01-2,exclude_01,0,1,1,6,6,1
3,2,PRIME_RANDOM_61,2305843009213693967,libra-3-PRIME_RANDOM_61-exclude_01-2,exclude_01,1,3,3,4,4,1
3,2,PRIME_RANDOM_61,2305843009213693967,libra-3-PRIME_RANDOM_61-exclude_01-2,exclude_01,2,5,5,2,2,1
3,2,PRIME_RANDOM_61,2305843009213693967,libra-3-PRIME_RANDOM_61-exclude_01-2,exclude_01,3,7,7,0,0,1
3,2,PRIME_RANDOM_61,2305843009213693967,libra-3-PRIME_RANDOM_61-forced_01-0,forced_01,0,1,1,6,6,1
3,2,PRIME_RANDOM_61,2305843009213693967,libra-3-PRIME_RANDOM_61-forced_01-0,forced_01,1,3,3,4,4,1
3,2,PRIME_RANDOM_61,2305843009213693967,libra-3-PRIME_RANDOM_61-forced_01-0,forced_01,2,5,5,2,2,1
3,2,PRIME_RANDOM_61,2305843009213693967,libra-3-PRIME_RANDOM_61-forced_01-0,forced_01,3,7,7,0,0,1
3,2,PRIME_RANDOM_61,2305843009213693967,libra-3-PRIME_RANDOM_61-forced_01-1,forced_01,0,1,1,6,6,1
3,2,PRIME_RANDOM_61,2305843009213693967,libra-3-PRIME_RANDOM_61-forced_01-1,forced_01,1,3,3,4,4,1
3,2,PRIME_RANDOM_61,2305843009213693967,libra-3-PRIME_RANDOM_61-forced_01-1,forced_01,2,5,5,2,2,1
3,2,PRIME_RANDOM_61,2305843009213693967,libra-3-PRIME_RANDOM_61-forced_01-1,forced_01,3,7,7,0,0,1
3,2,PRIME_RANDOM_61,2305843009213693967,libra-3-PRIME_RANDOM_61-forced_01-2,forced_01,0,1,1,6,6,1
3,2,PRIME_RANDOM_61,2305843009213693967,libra-3-PRIME_RANDOM_61-forced_01-2,forced_01,1,3,3,4,4,1
3,2,PRIME_RANDOM_61,2305843009213693967,libra-3-PRIME_RANDOM_61-forced_01-2,forced_01,2,5,5,2,2,1
3,2,PRIME_RANDOM_61,2305843009213693967,libra-3-PRIME_RANDOM_61-forced_01-2,forced_01,3,7,7,0,0,1
5,2,PRIME_TINY,3,libra-5-PRIME_TINY-exclude_01-0,exclude_01,0,1,1,10,10,1
5,2,PRIME_TINY,3,libra-5-PRIME_TINY-exclude_01-0,exclude_01,1,3,3,8,8,1
5,2,PRIME_TINY,3,libra-5-PRIME_TINY-exclude_01-0,exclude_01,2,5,5,6,6,1
5,2,PRIME_TINY,3,libra-5-PRIME_TINY-exclude_01-0,exclude_01,3,7,7,4,4,1
5,2,PRIME_TINY,3,libra-5-PRIME_TINY-exclude_01-0,exclude_01,4,9,9,2,2,1
5,2,PRIME_TINY,3,libra-5-PRIME_TINY-exclude_01-0,exclude_01,5,11,11,0,0,1
5,2,PRIME_TINY,3,libra-5-PRIME_TINY-exclude_01-1,exclude_01,0,1,1,10,10,1
5,2,PRIME_TINY,3,libra-5-PRIME_TINY-exclude_01-1,exclude_01,1,3,3,8,8,1
5,2,PRIME_TINY,3,libra-5-PRIME_TINY-exclude_01-1,exclude_01,2,5,5,6,6,1
5,2,PRIME_TINY,3,libra-5-PRIME_TINY-exclude_01-1,exclude_01,3,7,7,4,4,1
5,2,PRIME_TINY,3,libra-5-PRIME_TINY-exclude_01-1,exclude_01,4,9,9,2,2,1
5,2,PRIME_TINY,3,libra-5-PRIME_TINY-exclude_01-1,exclude_01,5,11,11,0,0,1
5,2,PRIME_TINY,3,libra-5-PRIME_TINY-exclude_01-2,exclude_01,0,1,1,10,10,1
5,2,PRIME_TINY,3,libra-5-PRIME_TINY-exclude_01-2,exclude_01,1,3,3,8,8,1
5,2,PRIME_TINY,3,libra-5-PRIME_TINY-exclude_01-2,exclude_01,2,5,5,6,6,1
5,2,PRIME_TINY,3,libra-5-PRIME_TINY-exclude_01-2,exclude_01,3,7,7,4,4,1
5,2,PRIME_TINY,3,libra-5-PRIME_TINY-exclude_01-2,exclude_01,4,9,9,2,2,1
5,2,PRIME_TINY,3,libra-5-PRIME_TINY-exclude_01-2,exclude_01,5,11,11,0,0,1
5,2,PRIME_TINY,3,libra-5-PRIME_TINY-forced_01-0,forced_01,0,1,1,10,10,1
5,2,PRIME_TINY,3,libra-5-PRIME_TINY-forced_01-0,forced_01,1,3,3,8,8,1
5,2,PRIME_TINY,3,libra-5-PRIME_TINY-forced_01-0,forced_01,2,5,5,6,6,1
5,2,PRIME_TINY,3,libra-5-PRIME_TINY-forced_01-0,forced_01,3,7,7,4,4,1
5,2,PRIME_TINY,3,libra-5-PRIME_TINY-forced_01-0,forced_01,4,9,9,2,2,1
5,2,PRIME_TINY,3,libra-5-PRIME_TINY-forced_01-0,forced_01,5,11,11,0,0,1
5,2,PRIME_TINY,3,libra-5-PRIME_TINY-forced_01-1,forced_01,0,1,1,10,10,1
5,2,PRIME_TINY,3,libra-5-PRIME_TINY-forced_01-1,forced_01,1,3,3,8,8,1
5,2,PRIME_TINY,3,libra-5-PRIME_TINY-forced_01-1,forced_01,2,5,5,6,6,1
5,2,PRIME_TINY,3,libra-5-PRIME_TINY-forced_01-1,forced_01,3,7,7,4,4,1
5,2,PRIME_TINY,3,libra-5-PRIME_TINY-forced_01-1,forced_01,4,9,9,2,2,1
5,2,PRIME_TINY,3,libra-5-PRIME_TINY-forced_01-1,forced_01,5,11,11,0,0,1
5,2,PRIME_TINY,3,libra-5-PRIME_TINY-forced_01-2,forced_01,0,1,1,10,10,1
5,2,PRIME_TINY,3,libra-5-PRIME_TINY-forced_01-2,forced_01,1,3,3,8,8,1
5,2,PRIME_TINY,3,libra-5-PRIME_TINY-forced_01-2,forced_01,2,5,5,6,6,1
5,2,PRIME_TINY,3,libra-5-PRIME_TINY-forced_01-2,forced_01,3,7,7,4,4,1
5,2,PRIME_TINY,3,libra-5-PRIME_TINY-forced_01-2,forced_01,4,9,9,2,2,1
5,2,PRIME_TINY,3,libra-5-PRIME_TINY-forced_01-2,forced_01,5,11,11,0,0,1
5,2,PRIME_MERSENNE_61,2305843009213693951,libra-5-PRIME_MERSENNE_61-exclude_01-0,exclude_01,0,1,1,10,10,1
5,2,PRIME_MERSENNE_61,2305843009213693951,libra-5-PRIME_MERSENNE_61-exclude_01-0,exclude_01,1,3,3,8,8,1
5,2,PRIME_MERSENNE_61,2305843009213693951,libra-5-PRIME_MERSENNE_61-exclude_01-0,exclude_01,2,5,5,6,6,1
5,2,PRIME_MERSENNE_61,2305843009213693951,libra-5-PRIME_MERSENNE_61-exclude_01-0,exclude_01,3,7,7,4,4,1
5,2,PRIME_MERSENNE_61,2305843009213693951,libra-5-PRIME_MERSENNE_61-exclude_01-0,exclude_01,4,9,9,2,2,1
5,2,PRIME_MERSENNE_61,2305843009213693951,libra-5-PRIME_MERSENNE_61-exclude_01-0,exclude_01,5,11,11,0,0,1
5,2,PRIME_MERSENNE_61,2305843009213693951,libra-5-PRIME_MERSENNE_61-exclude_01-1,exclude_01,0,1,1,10,10,1
5,2,PRIME_MERSENNE_61,2305843009213693951,libra-5-PRIME_MERSENNE_61-exclude_01-1,exclude_01,1,3,3,8,8,1
5,2,PRIME_MERSENNE_61,2305843009213693951,libra-5-PRIME_MERSENNE_61-exclude_01-1,exclude_01,2,5,5,6,6,1
5,2,PRIME_MERSENNE_61,2305843009213693951,libra-5-PRIME_MERSENNE_61-exclude_01-1,exclude_01,3,7,7,4,4,1
5,2,PRIME_MERSENNE_61,2305843009213693951,libra-5-PRIME_MERSENNE_61-exclude_01-1,exclude_01,4,9,9,2,2,1
5,2,PRIME_MERSENNE_61,2305843009213693951,libra-5-PRIME_MERSENNE_61-exclude_01-1,exclude_01,5,11,11,0,0,1
5,2,PRIME_MERSENNE_61,2305843009213693951,libra-5-PRIME_MERSENNE_61-exclude_01-2,exclude_01,0,1,1,10,10,1
5,2,PRIME_MERSENNE_61,2305843009213693951,libra-5-PRIME_MERSENNE_61-exclude_01-2,exclude_01,1,3,3,8,8,1
5,2,PRIME_MERSENNE_61,2305843009213693951,libra-5-PRIME_MERSENNE_61-exclude_01-2,exclude_01,2,5,5,6,6,1
5,2,PRIME_MERSENNE_61,2305843009213693951,libra-5-PRIME_MERSENNE_61-exclude_01-2,exclude_01,3,7,7,4,4,1
5,2,PRIME_MERSENNE_61,2305843009213693951,libra-5-PRIME_MERSENNE_61-exclude_01-2,exclude_01,4,9,9,2,2,1
5,2,PRIME_MERSENNE_61,2305843009213693951,libra-5-PRIME_MERSENNE_61-exclude_01-2,exclude_01,5,11,11,0,0,1
5,2,PRIME_MERSENNE_61,2305843009213693951,libra-5-PRIME_MERSENNE_61-forced_01-0,forced_01,0,1,1,10,10,1
5,2,PRIME_MERSENNE_61,2305843009213693951,libra-5-PRIME_MERSENNE_61-forced_01-0,forced_01,1,3,3,8,8,1
5,2,PRIME_MERSENNE_61,2305843009213693951,libra-5-PRIME_MERSENNE_61-forced_01-0,forced_01,2,5,5,6,6,1
5,2,PRIME_MERSENNE_61,2305843009213693951,libra-5-PRIME_MERSENNE_61-forced_01-0,forced_01,3,7,7,4,4,1
5,2,PRIME_MERSENNE_61,2305843009213693951,libra-5-PRIME_MERSENNE_61-forced_01-0,forced_01,4,9,9,2,2,1
5,2,PRIME_MERSENNE_61,2305843009213693951,libra-5-PRIME_MERSENNE_61-forced_01-0,forced_01,5,11,11,0,0,1
5,2,PRIME_MERSENNE_61,2305843009213693951,libra-5-PRIME_MERSENNE_61-forced_01-1,forced_01,0,1,1,10,10,1
5,2,PRIME_MERSENNE_61,2305843009213693951,libra-5-PRIME_MERSENNE_61-forced_01-1,forced_01,1,3,3,8,8,1
5,2,PRIME_MERSENNE_61,2305843009213693951,libra-5-PRIME_MERSENNE_61-forced_01-1,forced_01,2,5,5,6,6,1
5,2,PRIME_MERSENNE_61,2305843009213693951,libra-5-PRIME_MERSENNE_61-forced_01-1,forced_01,3,7,7,4,4,1
5,2,PRIME_MERSENNE_61,2305843009213693951,libra-5-PRIME_MERSENNE_61-forced_01-1,forced_01,4,9,9,2,2,1
5,2,PRIME_MERSENNE_61,2305843009213693951,libra-5-PRIME_MERSENNE_61-forced_01-1,forced_01,5,11,11,0,0,1
5,2,PRIME_MERSENNE_61,2305843009213693951,libra-5-PRIME_MERSENNE_61-forced_01-2,forced_01,0,1,1,10,10,1
5,2,PRIME_MERSENNE_61,2305843009213693951,libra-5-PRIME_MERSENNE_61-forced_01-2,forced_01,1,3,3,8,8,1
5,2,PRIME_MERSENNE_61,2305843009213693951,libra-5-PRIME_MERSENNE_61-forced_01-2,forced_01,2,5,5,6,6,1
5,2,PRIME_MERSENNE_61,2305843009213693951,libra-5-PRIME_MERSENNE_61-forced_01-2,forced_01,3,7,7,4,4,1
5,2,PRIME_MERSENNE_61,2305843009213693951,libra-5-PRIME_MERSENNE_61-forced_01-2,forced_01,4,9,9,2,2,1
5,2,PRIME_MERSENNE_61,2305843009213693951,libra-5-PRIME_MERSENNE_61-forced_01-2,forced_01,5,11,11,0,0,1
5,2,PRIME_RANDOM_61,2305843009213693967,libra-5-PRIME_RANDOM_61-exclude_01-0,exclude_01,0,1,1,10,10,1
5,2,PRIME_RANDOM_61,2305843009213693967,libra-5-PRIME_RANDOM_61-exclude_01-0,exclude_01,1,3,3,8,8,1
5,2,PRIME_RANDOM_61,2305843009213693967,libra-5-PRIME_RANDOM_61-exclude_01-0,exclude_01,2,5,5,6,6,1
5,2,PRIME_RANDOM_61,2305843009213693967,libra-5-PRIME_RANDOM_61-exclude_01-0,exclude_01,3,7,7,4,4,1
5,2,PRIME_RANDOM_61,2305843009213693967,libra-5-PRIME_RANDOM_61-exclude_01-0,exclude_01,4,9,9,2,2,1
5,2,PRIME_RANDOM_61,2305843009213693967,libra-5-PRIME_RANDOM_61-exclude_01-0,exclude_01,5,11,11,0,0,1
5,2,PRIME_RANDOM_61,2305843009213693967,libra-5-PRIME_RANDOM_61-exclude_01-1,exclude_01,0,1,1,10,10,1
5,2,PRIME_RANDOM_61,2305843009213693967,libra-5-PRIME_RANDOM_61-exclude_01-1,exclude_01,1,3,3,8,8,1
5,2,PRIME_RANDOM_61,2305843009213693967,libra-5-PRIME_RANDOM_61-exclude_01-1,exclude_01,2,5,5,6,6,1
5,2,PRIME_RANDOM_61,2305843009213693967,libra-5-PRIME_RANDOM_61-exclude_01-1,exclude_01,3,7,7,4,4,1
5,2,PRIME_RANDOM_61,2305843009213693967,libra-5-PRIME_RANDOM_61-exclude_01-1,exclude_01,4,9,9,2,2,1
5,2,PRIME_RANDOM_61,2305843009213693967,libra-5-PRIME_RANDOM_61-exclude_01-1,exclude_01,5,11,11,0,0,1
5,2,PRIME_RANDOM_61,2305843009213693967,libra-5-PRIME_RANDOM_61-exclude_01-2,exclude_01,0,1,1,10,10,1
5,2,PRIME_RANDOM_61,2305843009213693967,libra-5-PRIME_RANDOM_61-exclude_01-2,exclude_01,1,3,3,8,8,1
5,2,PRIME_RANDOM_61,2305843009213693967,libra-5-PRIME_RANDOM_61-exclude_01-2,exclude_01,2,5,5,6,6,1
5,2,PRIME_RANDOM_61,2305843009213693967,libra-5-PRIME_RANDOM_61-exclude_01-2,exclude_01,3,7,7,4,4,1
5,2,PRIME_RANDOM_61,2305843009213693967,libra-5-PRIME_RANDOM_61-exclude_01-2,exclude_01,4,9,9,2,2,1
5,2,PRIME_RANDOM_61,2305843009213693967,libra-5-PRIME_RANDOM_61-exclude_01-2,exclude_01,5,11,11,0,0,1
5,2,PRIME_RANDOM_61,2305843009213693967,libra-5-PRIME_RANDOM_61-forced_01-0,forced_01,0,1,1,10,10,1
5,2,PRIME_RANDOM_61,2305843009213693967,libra-5-PRIME_RANDOM_61-forced_01-0,forced_01,1,3,3,8,8,1
5,2,PRIME_RANDOM_61,2305843009213693967,libra-5-PRIME_RANDOM_61-forced_01-0,forced_01,2,5,5,6,6,1
5,2,PRIME_RANDOM_61,2305843009213693967,libra-5-PRIME_RANDOM_61-forced_01-0,forced_01,3,7,7,4,4,1
5,2,PRIME_RANDOM_61,2305843009213693967,libra-5-PRIME_RANDOM_61-forced_01-0,forced_01,4,9,9,2,2,1
5,2,PRIME_RANDOM_61,2305843009213693967,libra-5-PRIME_RANDOM_61-forced_01-0,forced_01,5,11,11,0,0,1
5,2,PRIME_RANDOM_61,2305843009213693967,libra-5-PRIME_RANDOM_61-forced_01-1,forced_01,0,1,1,10,10,1
5,2,PRIME_RANDOM_61,2305843009213693967,libra-5-PRIME_RANDOM_61-forced_01-1,forced_01,1,3,3,8,8,1
5,2,PRIME_RANDOM_61,2305843009213693967,libra-5-PRIME_RANDOM_61-forced_01-1,forced_01,2,5,5,6,6,1
5,2,PRIME_RANDOM_61,2305843009213693967,libra-5-PRIME_RANDOM_61-forced_01-1,forced_01,3,7,7,4,4,1
5,2,PRIME_RANDOM_61,2305843009213693967,libra-5-PRIME_RANDOM_61-forced_01-1,forced_01,4,9,9,2,2,1
5,2,PRIME_RANDOM_61,2305843009213693967,libra-5-PRIME_RANDOM_61-forced_01-1,forced_01,5,11,11,0,0,1
5,2,PRIME_RANDOM_61,2305843009213693967,libra-5-PRIME_RANDOM_61-forced_01-2,forced_01,0,1,1,10,10,1
5,2,PRIME_RANDOM_61,2305843009213693967,libra-5-PRIME_RANDOM_61-forced_01-2,forced_01,1,3,3,8,8,1
5,2,PRIME_RANDOM_61,2305843009213693967,libra-5-PRIME_RANDOM_61-forced_01-2,forced_01,2,5,5,6,6,1
5,2,PRIME_RANDOM_61,2305843009213693967,libra-5-PRIME_RANDOM_61-forced_01-2,forced_01,3,7,7,4,4,1
5,2,PRIME_RANDOM_61,2305843009213693967,libra-5-PRIME_RANDOM_61-forced_01-2,forced_01,4,9,9,2,2,1
5,2,PRIME_RANDOM_61,2305843009213693967,libra-5-PRIME_RANDOM_61-forced_01-2,forced_01,5,11,11,0,0,1
7,2,PRIME_TINY,3,libra-7-PRIME_TINY-exclude_01-0,exclude_01,0,1,1,14,14,1
7,2,PRIME_TINY,3,libra-7-PRIME_TINY-exclude_01-0,exclude_01,1,3,3,12,12,1
7,2,PRIME_TINY,3,libra-7-PRIME_TINY-exclude_01-0,exclude_01,2,5,5,10,10,1
7,2,PRIME_TINY,3,libra-7-PRIME_TINY-exclude_01-0,exclude_01,3,7,7,8,8,1
7,2,PRIME_TINY,3,libra-7-PRIME_TINY-exclude_01-0,exclude_01,4,9,9,6,6,1
7,2,PRIME_TINY,3,libra-7-PRIME_TINY-exclude_01-0,exclude_01,5,11,11,4,4,1
7,2,PRIME_TINY,3,libra-7-PRIME_TINY-exclude_01-0,exclude_01,6,13,13,2,2,1
7,2,PRIME_TINY,3,libra-7-PRIME_TINY-exclude_01-0,exclude_01,7,15,15,0,0,1
7,2,PRIME_TINY,3,libra-7-PRIME_TINY-exclude_01-1,exclude_01,0,1,1,14,14,1
7,2,PRIME_TINY,3,libra-7-PRIME_TINY-exclude_01-1,exclude_01,1,3,3,12,12,1
7,2,PRIME_TINY,3,libra-7-PRIME_TINY-exclude_01-1,exclude_01,2,5,5,10,10,1
7,2,PRIME_TINY,3,libra-7-PRIME_TINY-exclude_01-1,exclude_01,3,7,7,8,8,1
7,2,PRIME_TINY,3,libra-7-PRIME_TINY-exclude_01-1,exclude_01,4,9,9,6,6,1
7,2,PRIME_TINY,3,libra-7-PRIME_TINY-exclude_01-1,exclude_01,5,11,11,4,4,1
7,2,PRIME_TINY,3,libra-7-PRIME_TINY-exclude_01-1,exclude_01,6,13,13,2,2,1
7,2,PRIME_TINY,3,libra-7-PRIME_TINY-exclude_01-1,exclude_01,7,15,15,0,0,1
7,2,PRIME_TINY,3,libra-7-PRIME_TINY-exclude_01-2,exclude_01,0,1,1,14,14,1
7,2,PRIME_TINY,3,libra-7-PRIME_TINY-exclude_01-2,exclude_01,1,3,3,12,12,1
7,2,PRIME_TINY,3,libra-7-PRIME_TINY-exclude_01-2,exclude_01,2,5,5,10,10,1
7,2,PRIME_TINY,3,libra-7-PRIME_TINY-exclude_01-2,exclude_01,3,7,7,8,8,1
7,2,PRIME_TINY,3,libra-7-PRIME_TINY-exclude_01-2,exclude_01,4,9,9,6,6,1
7,2,PRIME_TINY,3,libra-7-PRIME_TINY-exclude_01-2,exclude_01,5,11,11,4,4,1
7,2,PRIME_TINY,3,libra-7-PRIME_TINY-exclude_01-2,exclude_01,6,13,13,2,2,1
7,2,PRIME_TINY,3,libra-7-PRIME_TINY-exclude_01-2,exclude_01,7,15,15,0,0,1
7,2,PRIME_TINY,3,libra-7-PRIME_TINY-forced_01-0,forced_01,0,1,1,14,14,1
7,2,PRIME_TINY,3,libra-7-PRIME_TINY-forced_01-0,forced_01,1,3,3,12,12,1
7,2,PRIME_TINY,3,libra-7-PRIME_TINY-forced_01-0,forced_01,2,5,5,10,10,1
7,2,PRIME_TINY,3,libra-7-PRIME_TINY-forced_01-0,forced_01,3,7,7,8,8,1
7,2,PRIME_TINY,3,libra-7-PRIME_TINY-forced_01-0,forced_01,4,9,9,6,6,1
7,2,PRIME_TINY,3,libra-7-PRIME_TINY-forced_01-0,forced_01,5,11,11,4,4,1
7,2,PRIME_TINY,3,libra-7-PRIME_TINY-forced_01-0,forced_01,6,13,13,2,2,1
7,2,PRIME_TINY,3,libra-7-PRIME_TINY-forced_01-0,forced_01,7,15,15,0,0,1
7,2,PRIME_TINY,3,libra-7-PRIME_TINY-forced_01-1,forced_01,0,1,1,14,14,1
7,2,PRIME_TINY,3,libra-7-PRIME_TINY-forced_01-1,forced_01,1,3,3,12,12,1
7,2,PRIME_TINY,3,libra-7-PRIME_TINY-forced_01-1,forced_01,2,5,5,10,10,1
7,2,PRIME_TINY,3,libra-7-PRIME_TINY-forced_01-1,forced_01,3,7,7,8,8,1
7,2,PRIME_TINY,3,libra-7-PRIME_TINY-forced_01-1,forced_01,4,9,9,6,6,1
7,2,PRIME_TINY,3,libra-7-PRIME_TINY-forced_01-1,forced_01,5,11,11,4,4,1
7,2,PRIME_TINY,3,libra-7-PRIME_TINY-forced_01-1,forced_01,6,13,13,2,2,1
7,2,PRIME_TINY,3,libra-7-PRIME_TINY-forced_01-1,forced_01,7,15,15,0,0,1
7,2,PRIME_TINY,3,libra-7-PRIME_TINY-forced_01-2,forced_01,0,1,1,14,14,1
7,2,PRIME_TINY,3,libra-7-PRIME_TINY-forced_01-2,forced_01,1,3,3,12,12,1
7,2,PRIME_TINY,3,libra-7-PRIME_TINY-forced_01-2,forced_01,2,5,5,10,10,1
7,2,PRIME_TINY,3,libra-7-PRIME_TINY-forced_01-2,forced_01,3,7,7,8,8,1
7,2,PRIME_TINY,3,libra-7-PRIME_TINY-forced_01-2,forced_01,4,9,9,6,6,1
7,2,PRIME_TINY,3,libra-7-PRIME_TINY-forced_01-2,forced_01,5,11,11,4,4,1
7,2,PRIME_TINY,3,libra-7-PRIME_TINY-forced_01-2,forced_01,6,13,13,2,2,1
7,2,PRIME_TINY,3,libra-7-PRIME_TINY-forced_01-2,forced_01,7,15,15,0,0,1
7,2,PRIME_MERSENNE_61,2305843009213693951,libra-7-PRIME_MERSENNE_61-exclude_01-0,exclude_01,0,1,1,14,14,1
7,2,PRIME_MERSENNE_61,2305843009213693951,libra-7-PRIME_MERSENNE_61-exclude_01-0,exclude_01,1,3,3,12,12,1
7,2,PRIME_MERSENNE_61,2305843009213693951,libra-7-PRIME_MERSENNE_61-exclude_01-0,exclude_01,2,5,5,10,10,1
7,2,PRIME_MERSENNE_61,2305843009213693951,libra-7-PRIME_MERSENNE_61-exclude_01-0,exclude_01,3,7,7,8,8,1
7,2,PRIME_MERSENNE_61,2305843009213693951,libra-7-PRIME_MERSENNE_61-exclude_01-0,exclude_01,4,9,9,6,6,1
7,2,PRIME_MERSENNE_61,2305843009213693951,libra-7-PRIME_MERSENNE_61-exclude_01-0,exclude_01,5,11,11,4,4,1
7,2,PRIME_MERSENNE_61,2305843009213693951,libra-7-PRIME_MERSENNE_61-exclude_01-0,exclude_01,6,13,13,2,2,1
7,2,PRIME_MERSENNE_61,2305843009213693951,libra-7-PRIME_MERSENNE_61-exclude_01-0,exclude_01,7,15,15,0,0,1
7,2,PRIME_MERSENNE_61,2305843009213693951,libra-7-PRIME_MERSENNE_61-exclude_01-1,exclude_01,0,1,1,14,14,1
7,2,PRIME_MERSENNE_61,2305843009213693951,libra-7-PRIME_MERSENNE_61-exclude_01-1,exclude_01,1,3,3,12,12,1
7,2,PRIME_MERSENNE_61,2305843009213693951,libra-7-PRIME_MERSENNE_61-exclude_01-1,exclude_01,2,5,5,10,10,1
7,2,PRIME_MERSENNE_61,2305843009213693951,libra-7-PRIME_MERSENNE_61-exclude_01-1,exclude_01,3,7,7,8,8,1
7,2,PRIME_MERSENNE_61,2305843009213693951,libra-7-PRIME_MERSENNE_61-exclude_01-1,exclude_01,4,9,9,6,6,1
7,2,PRIME_MERSENNE_61,2305843009213693951,libra-7-PRIME_MERSENNE_61-exclude_01-1,exclude_01,5,11,11,4,4,1
7,2,PRIME_MERSENNE_61,2305843009213693951,libra-7-PRIME_MERSENNE_61-exclude_01-1,exclude_01,6,13,13,2,2,1
7,2,PRIME_MERSENNE_61,2305843009213693951,libra-7-PRIME_MERSENNE_61-exclude_01-1,exclude_01,7,15,15,0,0,1
7,2,PRIME_MERSENNE_61,2305843009213693951,libra-7-PRIME_MERSENNE_61-exclude_01-2,exclude_01,0,1,1,14,14,1
7,2,PRIME_MERSENNE_61,2305843009213693951,libra-7-PRIME_MERSENNE_61-exclude_01-2,exclude_01,1,3,3,12,12,1
7,2,PRIME_MERSENNE_61,2305843009213693951,libra-7-PRIME_MERSENNE_61-exclude_01-2,exclude_01,2,5,5,10,10,1
7,2,PRIME_MERSENNE_61,2305843009213693951,libra-7-PRIME_MERSENNE_61-exclude_01-2,exclude_01,3,7,7,8,8,1
7,2,PRIME_MERSENNE_61,2305843009213693951,libra-7-PRIME_MERSENNE_61-exclude_01-2,exclude_01,4,9,9,6,6,1
7,2,PRIME_MERSENNE_61,2305843009213693951,libra-7-PRIME_MERSENNE_61-exclude_01-2,exclude_01,5,11,11,4,4,1
7,2,PRIME_MERSENNE_61,2305843009213693951,libra-7-PRIME_MERSENNE_61-exclude_01-2,exclude_01,6,13,13,2,2,1
7,2,PRIME_MERSENNE_61,2305843009213693951,libra-7-PRIME_MERSENNE_61-exclude_01-2,exclude_01,7,15,15,0,0,1
7,2,PRIME_MERSENNE_61,2305843009213693951,libra-7-PRIME_MERSENNE_61-forced_01-0,forced_01,0,1,1,14,14,1
7,2,PRIME_MERSENNE_61,2305843009213693951,libra-7-PRIME_MERSENNE_61-forced_01-0,forced_01,1,3,3,12,12,1
7,2,PRIME_MERSENNE_61,2305843009213693951,libra-7-PRIME_MERSENNE_61-forced_01-0,forced_01,2,5,5,10,10,1
7,2,PRIME_MERSENNE_61,2305843009213693951,libra-7-PRIME_MERSENNE_61-forced_01-0,forced_01,3,7,7,8,8,1
7,2,PRIME_MERSENNE_61,2305843009213693951,libra-7-PRIME_MERSENNE_61-forced_01-0,forced_01,4,9,9,6,6,1
7,2,PRIME_MERSENNE_61,2305843009213693951,libra-7-PRIME_MERSENNE_61-forced_01-0,forced_01,5,11,11,4,4,1
7,2,PRIME_MERSENNE_61,2305843009213693951,libra-7-PRIME_MERSENNE_61-forced_01-0,forced_01,6,13,13,2,2,1
7,2,PRIME_MERSENNE_61,2305843009213693951,libra-7-PRIME_MERSENNE_61-forced_01-0,forced_01,7,15,15,0,0,1
7,2,PRIME_MERSENNE_61,2305843009213693951,libra-7-PRIME_MERSENNE_61-forced_01-1,forced_01,0,1,1,14,14,1
7,2,PRIME_MERSENNE_61,2305843009213693951,libra-7-PRIME_MERSENNE_61-forced_01-1,forced_01,1,3,3,12,12,1
7,2,PRIME_MERSENNE_61,2305843009213693951,libra-7-PRIME_MERSENNE_61-forced_01-1,forced_01,2,5,5,10,10,1
7,2,PRIME_MERSENNE_61,2305843009213693951,libra-7-PRIME_MERSENNE_61-forced_01-1,forced_01,3,7,7,8,8,1
7,2,PRIME_MERSENNE_61,2305843009213693951,libra-7-PRIME_MERSENNE_61-forced_01-1,forced_01,4,9,9,6,6,1
7,2,PRIME_MERSENNE_61,2305843009213693951,libra-7-PRIME_MERSENNE_61-forced_01-1,forced_01,5,11,11,4,4,1
7,2,PRIME_MERSENNE_61,2305843009213693951,libra-7-PRIME_MERSENNE_61-forced_01-1,forced_01,6,13,13,2,2,1
7,2,PRIME_MERSENNE_61,2305843009213693951,libra-7-PRIME_MERSENNE_61-forced_01-1,forced_01,7,15,15,0,0,1
7,2,PRIME_MERSENNE_61,2305843009213693951,libra-7-PRIME_MERSENNE_61-forced_01-2,forced_01,0,1,1,14,14,1
7,2,PRIME_MERSENNE_61,2305843009213693951,libra-7-PRIME_MERSENNE_61-forced_01-2,forced_01,1,3,3,12,12,1
7,2,PRIME_MERSENNE_61,2305843009213693951,libra-7-PRIME_MERSENNE_61-forced_01-2,forced_01,2,5,5,10,10,1
7,2,PRIME_MERSENNE_61,2305843009213693951,libra-7-PRIME_MERSENNE_61-forced_01-2,forced_01,3,7,7,8,8,1
7,2,PRIME_MERSENNE_61,2305843009213693951,libra-7-PRIME_MERSENNE_61-forced_01-2,forced_01,4,9,9,6,6,1
7,2,PRIME_MERSENNE_61,2305843009213693951,libra-7-PRIME_MERSENNE_61-forced_01-2,forced_01,5,11,11,4,4,1
7,2,PRIME_MERSENNE_61,2305843009213693951,libra-7-PRIME_MERSENNE_61-forced_01-2,forced_01,6,13,13,2,2,1
7,2,PRIME_MERSENNE_61,2305843009213693951,libra-7-PRIME_MERSENNE_61-forced_01-2,forced_01,7,15,15,0,0,1
7,2,PRIME_RANDOM_61,2305843009213693967,libra-7-PRIME_RANDOM_61-exclude_01-0,exclude_01,0,1,1,14,14,1
7,2,PRIME_RANDOM_61,2305843009213693967,libra-7-PRIME_RANDOM_61-exclude_01-0,exclude_01,1,3,3,12,12,1
7,2,PRIME_RANDOM_61,2305843009213693967,libra-7-PRIME_RANDOM_61-exclude_01-0,exclude_01,2,5,5,10,10,1
7,2,PRIME_RANDOM_61,2305843009213693967,libra-7-PRIME_RANDOM_61-exclude_01-0,exclude_01,3,7,7,8,8,1
7,2,PRIME_RANDOM_61,2305843009213693967,libra-7-PRIME_RANDOM_61-exclude_01-0,exclude_01,4,9,9,6,6,1
7,2,PRIME_RANDOM_61,2305843009213693967,libra-7-PRIME_RANDOM_61-exclude_01-0,exclude_01,5,11,11,4,4,1
7,2,PRIME_RANDOM_61,2305843009213693967,libra-7-PRIME_RANDOM_61-exclude_01-0,exclude_01,6,13,13,2,2,1
7,2,PRIME_RANDOM_61,2305843009213693967,libra-7-PRIME_RANDOM_61-exclude_01-0,exclude_01,7,15,15,0,0,1
7,2,PRIME_RANDOM_61,2305843009213693967,libra-7-PRIME_RANDOM_61-exclude_01-1,exclude_01,0,1,1,14,14,1
7,2,PRIME_RANDOM_61,2305843009213693967,libra-7-PRIME_RANDOM_61-exclude_01-1,exclude_01,1,3,3,12,12,1
7,2,PRIME_RANDOM_61,2305843009213693967,libra-7-PRIME_RANDOM_61-exclude_01-1,exclude_01,2,5,5,10,10,1
7,2,PRIME_RANDOM_61,2305843009213693967,libra-7-PRIME_RANDOM_61-exclude_01-1,exclude_01,3,7,7,8,8,1
7,2,PRIME_RANDOM_61,2305843009213693967,libra-7-PRIME_RANDOM_61-exclude_01-1,exclude_01,4,9,9,6,6,1
7,2,PRIME_RANDOM_61,2305843009213693967,libra-7-PRIME_RANDOM_61-exclude_01-1,exclude_01,5,11,11,4,4,1
7,2,PRIME_RANDOM_61,2305843009213693967,libra-7-PRIME_RANDOM_61-exclude_01-1,exclude_01,6,13,13,2,2,1
7,2,PRIME_RANDOM_61,2305843009213693967,libra-7-PRIME_RANDOM_61-exclude_01-1,exclude_01,7,15,15,0,0,1
7,2,PRIME_RANDOM_61,2305843009213693967,libra-7-PRIME_RANDOM_61-exclude_01-2,exclude_01,0,1,1,14,14,1
7,2,PRIME_RANDOM_61,2305843009213693967,libra-7-PRIME_RANDOM_61-exclude_01-2,exclude_01,1,3,3,12,12,1
7,2,PRIME_RANDOM_61,2305843009213693967,libra-7-PRIME_RANDOM_61-exclude_01-2,exclude_01,2,5,5,10,10,1
7,2,PRIME_RANDOM_61,2305843009213693967,libra-7-PRIME_RANDOM_61-exclude_01-2,exclude_01,3,7,7,8,8,1
7,2,PRIME_RANDOM_61,2305843009213693967,libra-7-PRIME_RANDOM_61-exclude_01-2,exclude_01,4,9,9,6,6,1
7,2,PRIME_RANDOM_61,2305843009213693967,libra-7-PRIME_RANDOM_61-exclude_01-2,exclude_01,5,11,11,4,4,1
7,2,PRIME_RANDOM_61,2305843009213693967,libra-7-PRIME_RANDOM_61-exclude_01-2,exclude_01,6,13,13,2,2,1
7,2,PRIME_RANDOM_61,2305843009213693967,libra-7-PRIME_RANDOM_61-exclude_01-2,exclude_01,7,15,15,0,0,1
7,2,PRIME_RANDOM_61,2305843009213693967,libra-7-PRIME_RANDOM_61-forced_01-0,forced_01,0,1,1,14,14,1
7,2,PRIME_RANDOM_61,2305843009213693967,libra-7-PRIME_RANDOM_61-forced_01-0,forced_01,1,3,3,12,12,1
7,2,PRIME_RANDOM_61,2305843009213693967,libra-7-PRIME_RANDOM_61-forced_01-0,forced_01,2,5,5,10,10,1
7,2,PRIME_RANDOM_61,2305843009213693967,libra-7-PRIME_RANDOM_61-forced_01-0,forced_01,3,7,7,8,8,1
7,2,PRIME_RANDOM_61,2305843009213693967,libra-7-PRIME_RANDOM_61-forced_01-0,forced_01,4,9,9,6,6,1
7,2,PRIME_RANDOM_61,2305843009213693967,libra-7-PRIME_RANDOM_61-forced_01-0,forced_01,5,11,11,4,4,1
7,2,PRIME_RANDOM_61,2305843009213693967,libra-7-PRIME_RANDOM_61-forced_01-0,forced_01,6,13,13,2,2,1
7,2,PRIME_RANDOM_61,2305843009213693967,libra-7-PRIME_RANDOM_61-forced_01-0,forced_01,7,15,15,0,0,1
7,2,PRIME_RANDOM_61,2305843009213693967,libra-7-PRIME_RANDOM_61-forced_01-1,forced_01,0,1,1,14,14,1
7,2,PRIME_RANDOM_61,2305843009213693967,libra-7-PRIME_RANDOM_61-forced_01-1,forced_01,1,3,3,12,12,1
7,2,PRIME_RANDOM_61,2305843009213693967,libra-7-PRIME_RANDOM_61-forced_01-1,forced_01,2,5,5,10,10,1
7,2,PRIME_RANDOM_61,2305843009213693967,libra-7-PRIME_RANDOM_61-forced_01-1,forced_01,3,7,7,8,8,1
7,2,PRIME_RANDOM_61,2305843009213693967,libra-7-PRIME_RANDOM_61-forced_01-1,forced_01,4,9,9,6,6,1
7,2,PRIME_RANDOM_61,2305843009213693967,libra-7-PRIME_RANDOM_61-forced_01-1,forced_01,5,11,11,4,4,1
7,2,PRIME_RANDOM_61,2305843009213693967,libra-7-PRIME_RANDOM_61-forced_01-1,forced_01,6,13,13,2,2,1
7,2,PRIME_RANDOM_61,2305843009213693967,libra-7-PRIME_RANDOM_61-forced_01-1,forced_01,7,15,15,0,0,1
7,2,PRIME_RANDOM_61,2305843009213693967,libra-7-PRIME_RANDOM_61-forced_01-2,forced_01,0,1,1,14,14,1
7,2,PRIME_RANDOM_61,2305843009213693967,libra-7-PRIME_RANDOM_61-forced_01-2,forced_01,1,3,3,12,12,1
7,2,PRIME_RANDOM_61,2305843009213693967,libra-7-PRIME_RANDOM_61-forced_01-2,forced_01,2,5,5,10,10,1
7,2,PRIME_RANDOM_61,2305843009213693967,libra-7-PRIME_RANDOM_61-forced_01-2,forced_01,3,7,7,8,8,1
7,2,PRIME_RANDOM_61,2305843009213693967,libra-7-PRIME_RANDOM_61-forced_01-2,forced_01,4,9,9,6,6,1
7,2,PRIME_RANDOM_61,2305843009213693967,libra-7-PRIME_RANDOM_61-forced_01-2,forced_01,5,11,11,4,4,1
7,2,PRIME_RANDOM_61,2305843009213693967,libra-7-PRIME_RANDOM_61-forced_01-2,forced_01,6,13,13,2,2,1
7,2,PRIME_RANDOM_61,2305843009213693967,libra-7-PRIME_RANDOM_61-forced_01-2,forced_01,7,15,15,0,0,1
